Date,AAPL,GLD,JPM,MSFT,TLT,XOM
2015-01-05,-0.028575760637438344,0.014964618775983719,-0.03153693746537077,-0.009238079325805464,0.015586770905050756,-0.02774313772103647
2015-01-06,9.384577777195854e-05,0.01133448217141997,-0.026271048138914614,-0.014786390465314733,0.017856939228799336,-0.005330645230866538
2015-01-07,0.01392511861334698,-0.005908836993974842,0.0015248313127949858,0.012625172914196889,-0.0019773186964960592,0.010081668417881526
2015-01-08,0.03770232559051344,-0.004217399700950183,0.022100182273008265,0.028994396057870568,-0.01333178198679105,0.016507672834278137
2015-01-09,0.0010717816454527888,0.011320872784880804,-0.01753976152427597,-0.008441107204409885,0.0108935736143985,-0.001410260624400906
2015-01-12,-0.02494919647362357,0.011025431201653892,-0.008631468990476471,-0.012581352332175664,0.005705687781075572,-0.019405523166635165
2015-01-13,0.00883958290067443,-0.003379471739693634,0.00016997276747647336,-0.005163553069656511,0.0,-0.0036604835626151315
2015-01-14,-0.003818017762565032,-0.0016093040146014643,-0.035109783748514575,-0.008665357220796754,0.007558059321590469,-0.002892551124339547
2015-01-15,-0.027515578540093448,0.024864209830664362,-0.03256087634177176,-0.010498942616731009,0.015612819227717116,-0.008729914138704171
2015-01-16,-0.007800091643451114,0.01297967953352017,0.016949506073768023,0.016572635580474535,-0.01283161547164453,0.023990138347383186
2015-01-20,0.025430965956653256,0.013618890362551296,-0.003941382776473549,0.003238797482443625,0.013201552183960562,-0.0003293191924296136
2015-01-21,0.00760544289720259,0.00024156831944978564,0.0032258309285060375,-0.010183569961793922,-0.011626197309877604,0.008526849157511514
2015-01-22,0.02568276842706972,0.008017360134577187,0.029963705680719536,0.026008998498382046,-0.0036044208948409627,0.01082630195454203
2015-01-23,0.0051466790991242265,-0.008017360134577146,-0.01592763561175324,0.0010607465538684416,0.013821699035719066,-0.02155102951427125
2015-01-26,0.0010618274741561987,-0.010031679362329541,0.0015866577314378003,-0.003610205534456414,-0.003046952127847103,0.00952658381976552
2015-01-27,-0.035641003707826205,0.011399158685807192,-0.010091432389337076,-0.09709824718754564,0.0015621773667219235,-0.008866807047309874
2015-01-28,0.054992554646737524,-0.007909034514030033,-0.02613910481552229,-0.03506634166606875,0.01621549319065763,-0.03354121998580159
2015-01-29,0.03065889190037857,-0.02178803552843412,0.01666387473728201,0.019712034076030303,-0.006601684154051326,-0.004215573453234894
2015-01-30,-0.014742302872067275,0.0220310685420678,-0.0234448530872572,-0.0390775633080403,0.017582261843226497,-0.0018288244861844245
2015-02-02,0.01246877281550454,-0.008378450604819716,0.01984584301957466,0.02154827674102424,-0.0037825815958332978,0.02440804840240916
2015-02-03,0.00016860580911964322,-0.011254031870982083,0.022284596790857047,0.007721624123881258,-0.021393808213634326,0.029370141944239973
2015-02-04,0.007640602299176204,0.004368788786280421,-0.006012606474274385,0.005753115709647448,0.0017077913025160315,-0.008600338177913096
2015-02-05,0.007111845640868835,0.0017257602352123193,0.006893682218676916,0.014473643465243973,-0.011040253651452078,0.009792055437857836
2015-02-06,-0.008456253098380212,-0.026204564931172653,0.019536698615368872,-0.0009422953973564029,-0.017860150041936338,-0.0018558556900840975
2015-02-09,0.0066202166095137155,0.004457337052542182,-0.0012100518934337276,-0.0011799116134361336,-0.0016047511517247378,0.0006549918698323808
2015-02-10,0.019029236382834727,-0.005891255467082124,0.011008405652895131,0.005649766170678672,-0.00798620467187181,-0.006024912363297001
2015-02-11,0.023168621018881008,-0.01188773038576783,-0.0015409285809924503,-0.005177740046586313,0.001848693417270588,-0.004515364053721437
2015-02-12,0.01257266520067577,0.0023036284035265445,0.02034979108535186,0.016614449638041318,-0.0033137586638201507,0.01934819153374362
2015-02-13,0.0048909469209823435,0.005439474740014081,0.001677263094318083,0.017939741367922386,-0.010322178831327673,0.010767749843309945
2015-02-17,0.005884060156198589,-0.016838734326833547,0.0071807108379937324,0.0004589436259142719,-0.015170472111007756,-0.0034324136960651296
2015-02-18,0.006938433584314333,0.0028404943034609498,-0.012220963421338358,-0.001147754236463045,0.005922168950902573,-0.02216816362726709
2015-02-19,-0.002099443553389562,-0.003444070035884628,-0.0023609606684430557,-0.0006895918523809823,-0.0066355363078452415,-0.017401515512195265
2015-02-20,0.008140926598961717,-0.005708895866845205,0.009577398244594786,0.008241956794923117,0.002928021396335823,0.005352508576700729
2015-02-23,0.026668341121683335,0.0013003471683988895,-0.0075532046532446485,0.006590335375891293,0.011393638938588841,-0.01017159899938303
2015-02-24,-0.006260486862870571,-0.0014738237281034486,0.024466396027537085,-0.0013600700340914474,0.013041249174068086,0.004595429331274622
2015-02-25,-0.025905551303850652,0.003810143280624359,0.005247817307112261,-0.0022708347863338806,0.004309248784716838,0.002011422145935605
2015-02-26,0.01257690076452488,0.003192846928133665,0.007170660404720051,0.0015901054683017074,-0.013762534657259093,-0.010659470288476575
2015-02-27,-0.015142608290679122,0.000775127851616969,-0.004883704975916506,-0.004777516527862431,0.008372987514901637,-0.0012415241892979995
2015-03-02,0.004892059863937521,-0.004140821554351363,0.007964397136463151,0.0006836843792193197,-0.01880197793132469,-0.005662981513416642
2015-03-03,0.0020895106750694658,-0.0018169945131893267,0.0032327000301747553,-0.013768018370579622,-0.0036327814510056676,-0.004782315176273476
2015-03-04,-0.00635907709863577,-0.0031225683060647487,0.00257865679003964,-0.005096094103982889,0.0003163069483081396,-0.005034354817071424
2015-03-05,-0.016709306603351258,-0.0009560698660537595,-0.0020944049856120675,0.0011601718446222428,-0.0012660692803563795,-0.005059897802571966
2015-03-06,0.0015017876558146288,-0.027684033513420175,-0.018065722325500553,-0.017550023530016813,-0.02233939817443953,-0.012879334297810841
2015-03-09,0.004256394985760109,0.0009828943243309087,0.009968148126628808,0.011501423932392937,0.00918816386074496,-0.005503904029193564
2015-03-10,-0.020903007017701702,-0.004924161015297649,-0.02535954770855412,-0.019322378386101156,0.013072026656656074,-0.010624647631126598
2015-03-11,-0.01839949790078794,-0.006031419233618075,0.0046589034203622206,-0.0011903184057499975,0.007259295159735361,-0.002852172206448983
2015-03-12,0.017917447255483138,-0.0002709060307489861,0.018584761306022903,-0.02313363265915496,-0.0007077521307622897,0.0023773627273453468
2015-03-13,-0.006934356750401437,0.0014440077763354022,-0.006047546661174519,0.008738188266694799,-0.003072887414000544,-0.0041644267712224155
2015-03-16,0.010944157247006987,-0.0006315097549614711,0.01383805635761515,0.004340412625527317,0.009581311679352273,0.010555876194114296
2015-03-17,0.016588406492933083,-0.005429372519536195,-0.0038875441400587833,0.0033629590353709275,0.00825120657539295,-0.008054951958463608
2015-03-18,0.011193264039619332,0.019409393965783985,0.002269694273762843,0.019003211146109658,0.019118182266250946,0.023391971740354615
2015-03-19,-0.007578893257584011,-0.0007122036244302048,-0.008946599876487393,-0.004953733141957276,-0.005108167966245277,-0.019474859740523754
2015-03-20,-0.012628531176031703,0.011334565478751316,0.008946599876487514,0.013854718203476305,0.005260223781580739,0.0015388560152830564
2015-03-23,0.010351418175735054,0.006319701703631724,-0.009927507048973107,-0.0004666448043989387,-0.0012176344968759102,0.010472796101781768
2015-03-24,-0.00409608725167925,0.002446901321801825,-0.011184465332074324,0.0009327612121215795,0.009622405332092005,-0.010709422239190362
2015-03-25,-0.026474367800496838,0.001395583828601838,-0.01415862874495351,-0.03414240488769088,-0.008480757318598216,0.004014763145660932
2015-03-26,0.0069463256191125144,0.006515812793653495,-0.001175116395384812,-0.006048078692255884,-0.015711938565213173,-0.006383965244833521
2015-03-27,-0.008000496978042195,-0.0036436736475295383,0.00016786041969994996,-0.005841141956292234,0.012360639016828906,-0.008814918636531917
2015-03-30,0.02499966176970192,-0.011450652385538355,0.023401758516951636,-0.00024406414430556012,-0.004972329851561034,0.02423164253299455
2015-03-31,-0.015471166458175659,-0.000791489742224147,-0.006253072565439553,-0.007351072796333903,0.002145049325178713,-0.007384676564604302
2015-04-01,-0.0014476425580729896,0.01692437494979685,-0.0038291856401617285,0.0014747185784879664,0.01304960708163863,-0.006372987930672983
2015-04-02,0.008574786115222974,-0.002772001936393702,0.009462953676409112,-0.010616455452572171,-0.010652744145461128,-0.0018963750107885379
2015-04-06,0.016069028334260844,0.012156925637931892,-0.000826532016518914,0.03079452191249949,-0.005599750033274791,0.009797973821840484
2015-04-07,-0.010578048839686617,-0.004982843844589143,0.0062646598267703975,-0.00048169246029022914,0.008349992374230682,0.007256461584706228
2015-04-08,-0.0032591176295804795,-0.005527256360212914,0.0032812002744409896,-0.002652230297368942,0.0003050732548508684,-0.019905108226535823
2015-04-09,0.007614220398438532,-0.006952344453191622,0.006856028968384461,0.0014478936195558255,-0.01304968633343758,0.006994332202625407
2015-04-10,0.004257602946627533,0.011273125412459931,0.0037347583717760075,0.005768996981354939,0.0014675146137978253,0.010692422270395418
2015-04-13,-0.001968740396100728,-0.007182773547924921,0.005978892725613526,0.0009583430279025956,0.0013872967637417804,-0.002574652215744574
2015-04-14,-0.0043452599785081675,-0.006098084431298223,0.015506584774069507,-0.002637283048794705,0.007063279166036215,0.015003204550237957
2015-04-15,0.0037932227535722946,0.008613598755223904,0.018389503947506054,0.014539401315986121,-0.0008417893302540089,0.01659917539912747
2015-04-16,-0.004823077356090275,-0.0034713349747602833,-0.006248857822474605,-0.002369075631982368,-0.004989406060508389,-0.0039817000682056455
2015-04-17,-0.011318374608474133,0.004942989742755055,-0.015318506390930811,-0.012891055512555422,0.011400032491518764,-0.009160596864169614
2015-04-20,0.022588590706253513,-0.007641555546604684,0.006345573570890844,0.030523707977723524,-0.008864492872163423,0.0035595444633513573
2015-04-21,-0.005422169183662547,0.005736617532052148,-0.014815234117880254,-0.006311951449948673,-0.004538028228074662,-0.00413494314181599
2015-04-22,0.01338413331844415,-0.013524881601083907,0.0100599335584508,0.008174950953618865,-0.015383842306002647,0.006653870198457388
2015-04-23,0.008130146314646518,0.007265135996097461,-0.0022268650180002412,0.008108457610464071,0.004297069700892028,0.0009140307889808628
2015-04-24,0.004693661352769064,-0.014141033700353254,-0.003189781701705751,0.09941290116925346,0.006217583016516997,-0.0065323518498729555
2015-04-27,0.01802797186923556,0.01996737439576267,-0.0041616037377889,0.00333682257346229,0.0,0.00045993881803847817
2015-04-28,-0.01588145007704618,0.008633395454348151,0.0067141456438511195,0.02325450031806174,-0.013886897941741628,0.009038379574402285
2015-04-29,-0.014814763469747742,-0.007073870774361553,0.013295742249256587,-0.0020364898443225588,-0.012331189315094117,0.0007968215169444057
2015-04-30,-0.027504810468740353,-0.01781862923365432,-0.0053603651183682585,-0.00859761264894631,0.0017485331250393294,-0.005706285430500123
2015-05-01,0.02991156491193304,-0.003442946542885586,0.005517827801989992,0.0004116603043197502,-0.013552931813145803,0.016797063023813646
2015-05-04,-0.0019402682128940643,0.0089796944769085,0.017299310857369507,-0.00866886467036835,-0.00948080821026891,0.0029223007709447573
2015-05-05,-0.02279102879823949,0.0028006293425995657,-0.004956743929875771,-0.013356199890305,-0.001384654339728434,-0.005626930589355436
2015-05-06,-0.00629979422656308,-0.0005245000462393765,-0.007481331455282674,-0.02812287343524033,-0.01726930729662504,-0.004750930514503184
2015-05-07,0.0061664699629880165,-0.008253646349355704,0.009033190594048248,0.009034539539912763,0.01334809428992704,-0.006712908843580097
2015-05-08,0.018665362060012753,0.0048375401365222245,0.0152323180417655,0.02223459676947468,0.002697026592092116,0.015743281410895288
2015-05-11,-0.010238638053245689,-0.003868158154194018,-0.000611289315333325,-0.007990103656257207,-0.024624787836760576,-0.016911054597892383
2015-05-12,-0.003568782919417284,0.008507714570103646,-0.0013758381654215904,-0.0004219350159770899,0.002589663979918296,0.0027619265340799097
2015-05-13,0.0011116609761282039,0.017745568671579635,0.0024449625756564185,0.005895428953924754,-0.008043009301708925,-0.0053003475095582155
2015-05-14,0.023063418298655505,0.005390825055101934,0.008056375335001585,0.02262727875478171,0.0026887335286936644,0.004725831511709127
2015-05-15,-0.0013972789181404203,0.0029823930374759115,-0.002576718499101504,-0.008658146018859895,0.019852122832927983,0.004359623143053222
2015-05-18,0.010967418854860541,-8.510645761585739e-05,0.008163021035361834,-0.006022378003020957,-0.01692059561081388,-0.005740530445311956
2015-05-19,-0.0009222749449316982,-0.013967043221181913,0.00884352825145077,-0.002518738137670719,-0.008905748210161511,0.0016107117974945295
2015-05-20,-7.690012200196905e-05,0.0016381642703537944,-0.007940193505971844,0.0,0.0016866955968488399,0.0016080524982850838
2015-05-21,0.01017427270778211,-0.0033654032062089196,0.0025534162542098396,-0.0033685268494575205,0.013888859993074877,0.000917559880019909
2015-05-22,0.008714623782484514,-0.0007782781051664031,-0.002704156856339219,-0.011026602307425477,0.00041510665151957813,-0.007943124730435857
2015-05-26,-0.022277579664831456,-0.014727247977664972,-0.011195125441609662,-0.006631586772457853,0.0169650025315496,-0.013615342641573193
2015-05-27,0.01849775534600829,-0.00017563013383993815,0.011195125441609758,0.021657018649949098,0.002283925094477504,-0.0028159025793985113
2015-05-28,-0.001970920767349522,0.0011407772346871212,-0.0040704168887652084,-0.0033661216204526325,-0.0024467913564155657,0.0
2015-05-29,-0.011447778770588111,0.0007014013330434771,-0.006364602511483618,-0.012512531737653773,0.002202463698078303,0.001056813427325205
2015-06-01,0.0019935250923716697,-0.0008767951003625541,0.0045504606544469195,0.007865219787846307,-0.010805707701472093,-0.0008217751936400893
2015-06-02,-0.004452830365974611,0.0040269605877943865,-0.0009087288390713437,-0.006585472218299573,-0.014049986316132319,0.00011735701828232701
2015-06-03,0.0012305070394415358,-0.0071898573672245485,0.010247518508845931,-0.0014929782665104336,-0.016205652417572356,-0.0022340548623294224
2015-06-04,-0.005858078168234624,-0.0070646979352704175,-0.005562556710947192,-0.010514205412256544,0.012934776423902406,-0.008630292633261857
2015-06-05,-0.0055036596647734,-0.005331436918291504,0.01629938640677238,-0.00475645766012229,-0.012254589080601582,0.0007120387895102483
2015-06-08,-0.00662920017874061,0.0029358308942225293,-0.007892395677020715,-0.008925685970525902,-0.0011059252865601129,0.006740442663817083
2015-06-09,-0.002977421436303431,0.002218377951124773,0.004326120213163205,-0.0017511772836685297,-0.007948643623190336,-0.003187193459334564
2015-06-10,0.011392849843854557,0.008473122987024092,0.015948394133114396,0.0208113762755973,-0.008790882740352878,0.007421091473296131
2015-06-11,-0.0022525471155050766,-0.00458066904691928,0.0038017354607449727,-0.0036539591639216536,0.020817508426923217,-0.0014092377757720282
2015-06-12,-0.011104305108257422,-0.0002649015739743867,-0.003948247942285125,-0.010171705138089614,0.0,-0.01265453532319415
2015-06-15,-0.0019678000368635084,0.004406069740065375,-0.003816729516400186,-0.010716364164170643,0.0016091920035801693,-0.0035772608477496258
2015-06-16,0.005343272096947283,-0.0036115754437751487,0.005573612402018274,0.007666232519341476,0.007841583105162959,0.011401724564189019
2015-06-17,-0.0023538032989288142,0.004666106837939518,-0.003370161678044628,0.0030501316448292553,-0.007756938046860054,0.0005901901420555558
2015-06-18,0.004545863545013775,0.012829091016651683,0.009349232184341512,0.01618321288797922,-0.004921381000706511,0.008812644205425272
2015-06-19,-0.010059960646089291,-0.0017357836863243674,-0.01023002993620911,-0.013359438615150274,0.012761541826027437,-0.00316352496495391
2015-06-22,0.007946149252260481,-0.012939534822473103,0.012843190456663878,0.0028157275203061056,-0.020616977319676117,-0.00046947818663095457
2015-06-23,-0.004555168839381956,-0.006621663748214055,0.01139095976483814,-0.006945713170678775,-0.0060187350319832805,-0.0011749790452019921
2015-06-24,0.008465754098859236,-0.002661018577875129,-0.010520956434042154,-0.005898190328173718,0.008587501479147766,-0.004594852150693829
2015-06-25,-0.00477266359325488,-0.0013331015376761225,-0.005375518563899918,0.00021868973213125516,-0.0035124127012623923,-0.008896413687725825
2015-06-26,-0.005899699947735063,0.0010666233650124298,0.004360490068263977,-0.008579755163265477,-0.011304350355320666,-0.0008342868019096093
2015-06-29,-0.017670012240700052,0.004520702131842665,-0.025708602510064828,-0.01985997584025375,0.026124377073537913,-0.012479434905863328
2015-06-30,0.007201061141368534,-0.006210070886037382,0.008299053398792982,-0.004970414388256291,-0.006956689620500731,0.004578086641449746
2015-07-01,0.009284580128583658,-0.003476708463396305,0.011079438123348035,0.006771468218429213,-0.013589705929748029,-0.010026089424239137
2015-07-02,-0.0012644721023760048,-0.0019665798355693646,-0.008112962653127455,-0.0011254648947581663,0.0032811008124360823,0.009304370290285215
2015-07-06,-0.0034862086595418445,0.002680686287387427,-0.002818006082746038,-0.00022494668798703332,0.018364841707809894,-0.007364049492203901
2015-07-07,-0.002463234573716559,-0.011668702760757443,-0.007902577883133158,-0.002029391621359283,0.009350950822675437,0.004111413499601896
2015-07-08,-0.02513609376021212,0.0029749330386005784,-0.02072228833481993,-0.0013556850887840469,0.008599329380109546,-0.010919732525675728
2015-07-09,-0.020607666871889082,0.002427551438613741,0.010339147551129906,0.006309311666954522,-0.019898822397061124,-0.004524125865813816
2015-07-10,0.026383405322851782,0.001166679551747385,0.014118793809051544,0.0020193737493529795,-0.015985681417490006,0.0075693366163618195
2015-07-13,0.01912159630083656,-0.004494793701909413,0.015391317429169453,0.020633186871088272,-0.003106386412196535,0.002429377943471904
2015-07-14,-0.0003979904625168258,-0.00225499581251802,0.013856192316656671,0.0017553062503952643,0.0032788587832775695,0.008336905882716537
2015-07-15,0.009586926082880412,-0.005251204440368454,0.0021699461940924785,0.0030638608679162713,0.010541547641580216,-0.004220234664865465
2015-07-16,0.0132380874331048,-0.0036377042236319986,0.0053332309991400125,0.019476726976262515,0.006881388469703566,0.0018109777461975177
2015-07-17,0.008600183884550175,-0.010164462693893107,-0.0050440468551564204,-0.0008572331603594312,0.005151642173908935,-0.003625241083824627
2015-07-20,0.018725108401011936,-0.02752685674211234,0.0007219403474170463,0.006414136837708223,-0.004220537907116962,-0.010341994671741607
2015-07-21,-0.010044924900621291,-0.003126872326802464,-0.0023126874097843626,0.00764325497949591,0.005398914056913271,-0.0012240142080982303
2015-07-22,-0.043215004737594695,-0.005424190670740339,0.014082811002947617,-0.03749605275141871,0.0062064368890564275,0.0015906983862886805
2015-07-23,-0.00047909525265762905,-0.00449483097628429,-0.006298362311003,0.012438766029911693,0.0123813193755094,-0.007978916543639077
2015-07-24,-0.0052873092001035505,0.009729155735813993,-0.010537638584697348,-0.003693749394228704,0.0024748117019160903,-0.014900028524352304
2015-07-27,-0.013993223204493954,-0.0046619928012779956,-0.013146930741786774,-0.012925699379738588,0.005340061324979285,-0.00854272568088434
2015-07-28,0.004956434021609773,0.0015246432799856059,0.0005881672557150462,-0.00022091545643684003,-0.007319652714053004,0.039822448989296565
2015-07-29,-0.003165986294722868,0.0014272948765040416,0.012993832001978128,0.020736567374915017,-0.003721267928417744,0.007969904197164245
2015-07-30,-0.005053713301941162,-0.00859441451463339,0.0014497381011376095,0.012664971115703728,0.007675961343433703,-0.0015644143022835323
2015-07-31,-0.008782582684770009,0.006309807471318708,-0.007414839732376244,-0.003846790954243167,0.007371815750670194,-0.046858797012274085
2015-08-03,-0.023860275245870907,-0.007941503115089978,0.0,0.0023526322100829136,0.010471460471488897,-0.014624764351133588
2015-08-04,-0.03260961862089466,0.002015250319480653,-0.001021827187663345,0.015474411462267471,-0.007963360009757841,-0.011467114170321221
2015-08-05,0.0066076385461707535,-0.003649612745895922,0.003936221188514938,0.0008412078316407198,-0.007534185674843385,0.0
2015-08-06,0.002173767278981928,0.004416281036678492,-0.007008498986572735,-0.02038273990565969,0.008838700406420727,0.011851175728499329
2015-08-07,0.0033816284387911356,0.0024875838994236877,-0.002934625385018317,0.002570348189679773,0.013032476070710532,-0.016266550431908555
2015-08-10,0.03571196690359216,0.010172637809864738,0.012268466422143479,0.012544361620655952,-0.01246213756879201,0.024682927164269765
2015-08-11,-0.05344092879694081,0.005094839843947383,-0.00962687205545916,-0.019629372596135616,0.01575451529583142,-0.006816115716028884
2015-08-12,0.015302116249114876,0.01392478785725381,-0.014615777641242594,0.007085010975479729,-0.005465748113402924,0.01663671457606929
2015-08-13,-0.0007809437159800315,-0.008294156742538458,0.004599645054924121,-0.00021387266609374327,-0.003229533459765988,-0.0017784461883938894
2015-08-14,0.007009418725783723,-9.36047567321894e-05,0.005020680777909795,0.005761385145042572,0.00234218203138017,-0.00369371211638752
2015-08-17,0.010295278463256162,0.0026170571520377807,0.0026478113926588255,0.006785083102646967,0.004507498790557486,0.005218515230846558
2015-08-18,-0.005649066979069592,-0.00018667516172391786,0.002054449679864435,0.005516075983785062,-0.007901080451953701,-0.011106351369193392
2015-08-19,-0.012872326298625227,0.013354574963244535,-0.008983341353733035,-0.014061058762252525,0.009826491077300173,-0.021670433241908264
2015-08-20,-0.02073310594985977,0.017261484729986225,-0.02486254002872487,-0.020592633864461685,0.010049024226084518,-0.022017231858443707
2015-08-21,-0.06311351427222198,0.006228253314387141,-0.03613186023428727,-0.05839574265023141,0.003010843224494531,-0.03326796572201253
2015-08-24,-0.025279262762042374,-0.005413696203742859,-0.05411089679259444,-0.03280509460622578,-0.0003166421330513164,-0.048429915545345384
2015-08-25,0.005994392709567099,-0.012472236890549283,-0.005659217942400131,-0.02946074655023057,-0.01619557303896856,-0.0001454410271741391
2015-08-26,0.05577063514654856,-0.013743752566773907,0.04886185084181463,0.05387199409238981,-0.01949189185301452,0.05369167788796014
2015-08-27,0.029021095055074105,0.0005571512452685862,0.02465003762253496,0.027481629598143164,0.0005732575477194364,0.03189985140589547
2015-08-28,0.0032715612234398006,0.00896363798539372,-0.005442833501124878,0.0006831400216275522,0.0029465958290283934,0.002934486280244303
2015-08-31,-0.004689115215376143,0.0011033722012558356,-0.00046810074948184176,-0.00937688459828518,-0.007711571714916935,0.0022620597173143397
2015-09-01,-0.04572660206173614,0.00348589711093372,-0.042220509761046646,-0.039846140424906924,0.007179520930246904,-0.042906396102552785
2015-09-02,0.041994988565284656,-0.005325457471451406,0.018062285970888384,0.036162883480184094,-0.00864151245482046,0.015828717014953732
2015-09-03,-0.017691824243187524,-0.00720696468758582,0.0017564557504554008,0.003223792709427722,0.004865427277503434,0.007617923929190221
2015-09-04,-0.010016357982991088,-0.0032508130940551347,-0.019005506786552155,-0.02067223752259199,0.009088219693121463,-0.01818851555131349
2015-09-08,0.027440888676141355,0.0002790454421465056,0.026634119789948205,0.0295973294543802,-0.014863522039969171,0.014250722700035273
2015-09-09,-0.019419853874117536,-0.013012113659039884,-0.015637812042309854,-0.018859665653911912,0.004787550438609412,-0.02061941903768634
2015-09-10,0.021732292019486274,0.002352831601258748,0.007689963247950506,0.005094674999792586,-0.006775241234943345,0.007196474353035588
2015-09-11,0.01446337149417012,-0.002070138975493721,-0.001597145970510756,0.004379819788795325,0.00628083432651178,0.0023414243411432594
2015-09-14,0.009585407155065088,0.0005650019663848919,-0.0028814358975490155,-0.010171076463040447,0.0015641257127881306,-0.0027551043074480314
2015-09-15,0.008377023938897154,-0.003017159470430642,0.019054208193918613,0.021605034887779512,-0.019350677492784945,0.005091141026313654
2015-09-16,0.0011173018671898312,0.013226552172031262,0.008769332307530475,0.007249417237146972,-0.0037800630760435666,0.01957080834457027
2015-09-17,-0.021622071991151282,0.01019855026531129,-0.023504815696279553,-0.0011291111644331552,0.012131131846546845,0.002151265332898449
2015-09-18,-0.004134221654105659,0.007352256373074212,-0.02767374943103363,-0.017554264497452763,0.015267405316342708,-0.024195525497091884
2015-09-21,0.015394414306939299,-0.006246004616141289,0.00833410056354349,0.014385496526249509,-0.0164324249589016,0.009721142922035983
2015-09-22,-0.01583520874923587,-0.006841722923155944,-0.008826462903068842,-0.0047722087807610175,0.013807979380777227,-0.008896033672911467
2015-09-23,0.00808012277277333,0.00398130520726097,-0.004442453246454576,-0.0006839069511520845,-8.207879379841335e-05,-0.006067192996046069
2015-09-24,0.005930696120154008,0.020758796296512887,-0.006950312739523274,0.0009115722633493384,0.006793226242365299,0.005929708392649928
2015-09-25,-0.002525073894866091,-0.006173422414314381,0.020544667765330232,0.0006829845651371378,-0.008683311885193255,0.006851179720624638
2015-09-28,-0.01998734979613917,-0.012739020432957309,-0.02453806007500435,-0.01490375741161824,0.01696875247149803,-0.008640448184357122
2015-09-29,-0.030521788187286063,-0.004066501065043471,-0.002336843611073987,0.0034595312483754,0.0028271762326328954,0.005083693198558624
2015-09-30,0.011305858942512254,-0.010426483637297347,0.018707566876130483,0.018700318731901255,-0.0034747824863895905,0.018735409560143607
2015-10-01,-0.0065491357620355625,-0.0012172598628681067,0.00735362293752384,0.007877035906569749,0.004257648917767241,-0.003908155010827602
2015-10-02,0.007274587451414565,0.0209538029225267,-0.0027916837454106847,0.021291235355201287,0.0060393092836602885,0.02427727336662177
2015-10-05,0.003616931113095466,-0.0020205850578978056,0.019702414101516096,0.022994488061855903,-0.013660740429092884,0.012181783605900167
2015-10-06,0.0047728788705484505,0.009971303227116472,0.0004838762286818349,0.002570341241617394,0.0043043291555050845,0.013962657417767513
2015-10-07,-0.004772878870548369,-0.001457494008134859,0.0012883347754420146,0.0010685757267534348,-0.0033283041472744112,0.016678783297243833
2015-10-08,-0.011621492931486127,-0.005117883296347929,0.0,0.01379374065164092,-0.008409868281999994,0.010425505814080758
2015-10-09,0.023644730179126362,0.015726912391542485,-0.0032242773476315128,-0.007191348126464203,0.0026206246256508113,-0.009668296323161423
2015-10-12,-0.004648408020062979,0.003960711014483137,-0.0033967010842327976,-0.002337791946945719,0.007576544082853419,0.0005046884990764179
2015-10-13,0.0017011909926826123,0.004929015278091239,-0.0027580853985931133,-0.0023430829519767555,0.0017027317041209702,-0.0017671485891080272
2015-10-14,-0.014234722490758156,0.017282274992371414,-0.02567176361164579,-0.004488546452686025,0.008712660362526124,0.012553448002219001
2015-10-15,0.014860664315625416,-0.004579458875531695,0.03118026751099072,0.007044186847525631,-0.004911785905641184,0.01633330514971973
2015-10-16,-0.007357623756088104,-0.007086601152338509,0.008687727087880166,0.010580369059342442,0.0003231177132233257,0.012198033661799857
2015-10-19,0.006194696271736762,-0.004186912999915291,-0.0033694503462949454,0.00231235658592572,-0.002747087471844908,-0.01823004703330811
2015-10-20,0.01809362786548529,0.006318212020552838,0.004809975141273893,0.003144904940191823,-0.006168786270698058,-0.0019775690651807672
2015-10-21,-8.789540944814004e-05,-0.008910332230671142,-0.0073849746401867975,-0.012003697065238126,0.009883554592753573,-0.0076999450289382985
2015-10-22,0.015179280430293466,-0.00035807819279052113,0.018044272810733966,0.01743161241225925,0.0016911312624650371,0.03286626536427807
2015-10-23,0.03052534367232946,-0.0017026075113336088,0.010704145381356875,0.09601032336533752,-0.00856681816426838,0.0010852529979763843
2015-10-26,-0.03243181203043536,-0.0006279971024889811,0.0004692378524072881,0.025766927846454433,0.0066341966157837445,-0.021438335160736774
2015-10-27,-0.006352323389070159,0.002241047948969033,-0.004077020883049525,-0.01037601833059136,0.002496125324552242,-0.0016017174031082828
2015-10-28,0.040378337576048515,-0.008091400160860905,0.028807863538357525,0.005386697767543632,-0.004029580345125947,0.014568116520440332
2015-10-29,0.010508883741827155,-0.009614564390769178,-0.0044372885984464245,-0.011552080297812576,-0.016036691845384407,-0.0006072098965173985
2015-10-30,-0.008582312096191091,-0.0038352540915993893,-0.014830988301609588,-0.01358524175678253,0.007521404876898362,0.006182780812950395
2015-11-02,0.01396099157947843,-0.006517134598801595,0.01987872181430435,0.011333826450980996,-0.00460661246733431,0.030236625515945147
2015-11-03,0.01140507712972429,-0.014937356022442439,0.003655168637941257,0.01694779092236802,-0.00823344961395419,0.01824249854412357
2015-11-04,-0.004661467023847013,-0.009485885776108033,0.0010636423220884,0.00460643792233665,0.0011568822046461676,-0.01006765529778289
2015-11-05,-0.004620542667338899,-0.0031189650547963797,0.008920024389061627,-0.00036779646827625966,-0.002646259703817754,-0.01370131190302891
2015-11-06,0.0011572260632963876,-0.014685120688170974,0.029950206674277502,0.009880933832987689,-0.014764366064631652,-0.004017066303868437
2015-11-09,-0.004055567314916199,0.0028777291011320622,-0.015752880119911834,-0.013934595574356744,-0.00564600830469258,-0.021607416232564965
2015-11-10,-0.03202470069373309,-0.002109514817878502,0.0042944234064018535,-0.01207435955850604,0.0029536292434613858,0.0048690687435461386
2015-11-11,-0.005668168994929545,-0.00336521129587392,-0.0048881794569053645,0.00261292552297383,-0.002108508109493517,-0.008904279318029602
2015-11-12,-0.0033643073866652363,0.00019257167853245404,-0.020248033960264915,-0.006169500964793166,0.004800887170724699,-0.02744958761946267
2015-11-13,-0.029643640354848094,-0.002796404320479703,-0.006689289119841331,-0.009043539838837997,0.005697807532974955,-0.01663444354634493
2015-11-16,0.01624626796356996,0.001447402465342363,0.01438668390244784,0.017447270028860783,-0.0009192755510631607,0.03522347006867205
2015-11-17,-0.004300613414755934,-0.013297966180688195,-0.005729512601845335,-0.008272291114559342,0.0016709408395358762,-0.01168708814534332
2015-11-18,0.03117373634452486,0.0008790738346113607,0.01976362197665079,0.01647703609433447,0.0020851101634496738,0.009707383379174307
2015-11-19,0.012623838233241456,0.010971489880734318,0.003108741081490788,0.0016695709248741653,0.006643813231167358,-0.005464078845697574
2015-11-20,0.0043681768390385674,-0.004548773723664315,-0.001775282219382041,0.004624393014865857,-0.0030668975681294878,-0.006371505806176199
2015-11-23,-0.013077487479821303,-0.008083747042833161,-0.009820118012947196,0.0,0.003066897568129539,0.006122206875294761
2015-11-24,0.009550986597264947,0.006627707399357638,-0.0014961229394379945,0.0011062683097422428,-8.312218132559859e-05,0.019734194417485057
2015-11-25,-0.0071758174249558675,-0.004673848365801943,0.0011970624134150381,-0.010375970733859693,0.002315351733710599,-0.007723823028950173
2015-11-27,-0.0018659343788594576,-0.011879763588946619,0.004626310779045069,0.004460091711490269,-0.0009914960585051388,-0.00024623817468085943
2015-11-30,0.00415066981153917,0.006595467871597316,-0.007322112760844228,0.007757692401654278,0.003959935395465269,0.005279935897868507
2015-12-01,-0.008148051276209928,0.0035259646298247574,0.013851068032479222,0.015880563394310373,0.013417029839948611,0.0028119858536979547
2015-12-02,-0.00907453381491585,-0.015667624313787498,-0.01415065067747898,-0.00018131848412510963,0.0003252371644052206,-0.028990832042593912
2015-12-03,-0.009331362894944649,0.010570606410359536,-0.012985405317252657,-0.018462917125412853,-0.027558987706652462,-0.014434083442759224
2015-12-04,0.032705755161777886,0.021966035488281806,0.03126896810112099,0.031062527380384522,0.00874591639076679,0.005722710300139844
2015-12-07,-0.006320724899089704,-0.013063212596420425,-0.013196182505253508,-0.001790454776157928,0.009655754221062464,-0.026469673610771557
2015-12-08,-0.0004228484892304645,0.0016544033114080684,-0.01564404477169034,-0.0003582885494714059,0.0004928362712297141,-0.02866195459894036
2015-12-09,-0.022323013287285202,-0.0019466324270582696,-0.007609293576940031,-0.014625220435798818,-0.0010670433156765187,0.01331054494159838
2015-12-10,0.004745475564378354,-0.0008772000837340084,0.0022885690715297555,0.005260904527160634,0.001313492791966203,0.0007928047469745278
2015-12-11,-0.026075179760845054,0.0054458711721541595,-0.023751725979551577,-0.02213575114037424,0.0156355457808815,-0.017996895907293475
2015-12-14,-0.006203784906967857,-0.012884508990749449,0.003116828572900856,0.019780629558734893,-0.013012422571275873,0.02247881447834767
2015-12-15,-0.017850469211776732,-0.0026560861191144095,0.028075979853846696,0.0010875348912052446,-0.005911200904177058,0.04374859597670004
2015-12-16,0.007663483498097978,0.012043063036934096,0.02140295991985298,0.016707358444818125,-0.002143296612463348,-0.003531745716145556
2015-12-17,-0.021423883970964844,-0.022141125877213518,-0.018683762969060828,-0.007690087854188719,0.011241945763576976,-0.015148697255251121
2015-12-18,-0.02744250499582573,0.015207174746719882,-0.028774609953792923,-0.028591618404762365,0.005533393809514399,-0.008760854285828306
2015-12-21,0.012186296653020854,0.010819352064225785,0.017546947807850294,0.012848989788628744,-0.0002434271357431146,-0.00025881294360655495
2015-12-22,-0.0009324504814053466,-0.0052488544876924,0.0021339318835803135,0.009438874607394197,-0.007249951770429975,0.005034999923900867
2015-12-23,0.012787682327623411,-0.002928003794366426,0.015860073069562546,0.008455809737653792,-0.007550609023090506,0.03218744159097282
2015-12-24,-0.005354659752917285,0.007206940922791017,-0.0019498712438676233,-0.002690872345935894,0.0057130018578661216,-0.010782519777759965
2015-12-28,-0.011263879173281189,-0.007597994957113434,-0.003308995441374847,0.00501710346314732,0.0029503906080276124,-0.007465149577514837
2015-12-29,0.017814580634355627,-0.0006846940847352253,0.010340925448446954,0.010666950387002659,-0.016752923606800776,0.00531980509743456
2015-12-30,-0.013144597723511176,-0.007661355596264362,-0.007182152779617879,-0.004253166809161046,-0.0009995165155104434,-0.01335272815771953
2015-12-31,-0.019381468559353777,0.0003943308023186173,-0.008445289871550606,-0.014849548798359489,0.0044884968759816655,-0.0020507166377818397
2016-01-04,0.0008542620271227515,0.013995827340626326,-0.030495491053679134,-0.012332518708252109,0.0071892750786865635,-0.006306241329002377
2016-01-05,-0.02537840657565355,0.00281458831856644,0.0017273980809485716,0.004551826698875585,-0.004042736777020813,0.008484699732438362
2016-01-06,-0.01976373308348181,0.014337487598989632,-0.014540938683150378,-0.01833239353729399,0.013385547536452519,-0.008355351884646301
2016-01-07,-0.04312121445040333,0.014040676150811138,-0.04127978801419686,-0.03540177746262867,0.0017927826581127415,-0.016135449864356877
2016-01-08,0.005273920827775085,-0.0044375394222030354,-0.022653786326541015,0.00306222208446295,0.00446846804977317,-0.0204092777574189
2016-01-11,0.01606274459153638,-0.008934594646018349,-0.0015287128780263428,-0.0005735257051456604,-0.011003947716945385,-0.013478721879988905
2016-01-12,0.014409098805334255,-0.0050729832368576954,0.0022072510247287077,0.009135768624732846,0.014322105058944845,0.02028381355088347
2016-01-13,-0.026046619255317024,0.004882048039545079,-0.027860851002678922,-0.021835673858381085,0.009808754663261476,0.005966421779831448
2016-01-14,0.02163477648525287,-0.016367021706295802,0.014887097027402823,0.028068832166409454,-0.00940461314892963,0.04484808274626383
2016-01-15,-0.024308306028266044,0.01023674024483427,-0.020132606516313958,-0.04073599659934761,0.015466565038060532,-0.019656193320262815
2016-01-19,-0.004850533605596733,-0.0009612465570264486,-0.0005262765429872779,-0.008468656712742386,-0.0031061115603597503,-0.015326723341271246
2016-01-20,0.0013440705893696156,0.013279386437522704,-0.02666332411494993,0.004538709848811042,0.01047466325447159,-0.04306050183765917
2016-01-21,-0.005075608614905154,0.00113814976565955,-0.004694878827353597,-0.006122078815571116,-0.006811799449970825,0.012493305492626918
2016-01-22,0.05180220926115628,-0.004655791285644273,0.030305167039163448,0.0352279025360555,-0.0038221826073413026,0.03278995664217903
2016-01-25,-0.01971594103865822,0.010233193541102439,-0.022911717635886966,-0.009608064096323683,0.005410286464478468,-0.034410419406615766
2016-01-26,0.005515830929254204,0.011341913483231932,0.025192011563083067,0.007310560527039735,0.0004763253338507668,0.036106759176917094
2016-01-27,-0.06796445629205347,0.0037212948296183107,-0.0007009814810687574,-0.018377511693109243,-0.00023813430619772037,-0.018554489509570466
2016-01-28,0.007145852236415896,-0.0107362419293496,0.00419862385178749,0.01626679173891471,0.0014270128419324078,0.022328075990289988
2016-01-29,0.033958533961623155,0.0038408969118528882,0.038024766089226725,0.056571125150986626,0.008440945089440065,0.01110857961626156
2016-02-01,-0.009392761583296915,0.010232704202856196,-0.010814534181731242,-0.006921647743775031,-0.0030664346790648146,-0.020242100796797197
2016-02-02,-0.020429205413467814,0.00037006835108891606,-0.0315843085552904,-0.03175470405385277,0.018382393879737693,-0.022535428346818223
2016-02-03,0.019599142959297662,0.010674654427775114,0.006640729025523332,-0.015975889716355128,-0.008327979022736355,0.0508373999681644
2016-02-04,0.008003205190709663,0.012009967818587527,0.017097779176524483,-0.0030719669686654796,0.004833834888075972,0.01705541964055721
2016-02-05,-0.027071443960101978,0.015703135766193033,-0.01119270955146738,-0.036026304097943586,0.0011664307905490028,0.0031270779231429525
2016-02-08,0.010474662249888278,0.013354185862515874,-0.02117459125205752,-0.015064710459706846,0.021291114020876464,0.013396239260732806
2016-02-09,-0.00021061119126495435,-0.002198672852432284,-0.006031998878443214,-0.0026347177465064616,0.001064040112871274,-0.0043608584919649735
2016-02-10,-0.007608573135638273,0.007717958411726099,-0.01217345750866558,0.008687582064334416,0.008774379186155548,-0.009158076224184668
2016-02-11,-0.0060645747822858885,0.03940213823727399,-0.04513142247632963,-0.0004021760336959215,0.006978677063957685,0.003145678803949988
2016-02-12,0.0030901047713408287,-0.00589671453081662,0.07999919256824346,0.016169700095959073,-0.016741039803675743,0.01780533116093986
2016-02-16,0.027804334598145967,-0.030800736245396153,0.014848626437748176,0.018769699139891405,-0.010626821298866732,0.0023422345664609284
2016-02-17,0.015198304368614806,0.006167287420776475,0.007172141950210251,0.025699260936953405,-0.0061674372789307175,0.009558180331472743
2016-02-18,-0.019138279724386743,0.02404186043320291,-0.01646943353285012,-0.004397264365245917,0.012220897865663145,0.005472216076960215
2016-02-19,-0.0022879646692867683,-0.006020275750380445,0.00017248437847966166,-0.007114387561850707,0.0008400721700878235,0.0006062506651737049
2016-02-22,0.008708261300001628,-0.017935040917057533,0.012887880433902592,0.015889911451158444,-0.0005345097210324217,-0.0013338814276312664
2016-02-23,-0.022864782208972284,0.014868593832169054,-0.04273044299572863,-0.02831735217818846,0.004039309957726353,-0.014179505331900861
2016-02-24,0.014781142035972127,0.003321549590506587,0.00035647487342459433,0.00351064806506363,-0.001979352927436385,0.0035633568470614376
2016-02-25,0.006844596356659873,0.002632341860518043,0.015377923604505636,0.014305436447995491,0.0035753446764400926,0.00599293668576304
2016-02-26,0.0015489557335880246,-0.006892743647260338,0.009253855836708087,-0.015474171173657394,-0.009691145744713067,-0.0031751277965202493
2016-02-29,-0.002272948513454649,0.012980023419282503,-0.02178578085031128,-0.008220974637445316,0.004361086348267747,-0.019766499316367345
2016-03-01,0.038946282760939595,-0.007360151335800538,0.050226905570916774,0.03286614955842422,-0.017765236188366465,0.01400054245198555
2016-03-02,0.0021858880616665026,0.007697256644730053,0.009414946714544657,0.00701224145058773,0.004118509903514661,0.01731958265852819
2016-03-03,0.007416508589455283,0.01712587715555531,0.003341297395943986,-0.011396507140415305,0.0036375318230404395,-0.003634344959882354
2016-03-04,0.014767300683765658,-0.0015750194994792542,0.001499676261671374,-0.0061312207536886884,-0.006433450122067911,-0.0013356437907393074
2016-03-07,-0.011128548502153281,0.004965240864288737,-0.0018335194752667875,-0.01940676966940301,-0.00031084171404778196,0.026028582381229758
2016-03-08,-0.00827975826856158,-0.0046334482677505085,-0.019542178611769562,0.012076654691434279,0.010984957613608032,-0.021905464606541757
2016-03-09,0.0008902872503020348,-0.00832782948151173,0.005767412002396374,0.02277802593581792,-0.0060964869822514286,-0.002787473983948836
2016-03-10,0.0004942894776885442,0.015928644015462574,-0.008664063462759051,-0.01506381412448602,-0.00411124016992247,-0.0026732164841531065
2016-03-11,0.010716089920652896,-0.01735128256694606,0.012378635459911459,0.019407103298044612,-0.010155147074731977,0.00012174923151916638
2016-03-14,0.0025394317468445276,-0.012980634673388813,-0.0037145719971524794,0.0018827414102364295,0.003135521989983085,0.0026728203893080413
2016-03-15,0.019894322671514288,0.0007632306454701139,0.0013523657124798355,0.007868047752180139,0.0009387658413156485,0.0049626292200590505
2016-03-16,0.013203596523580136,0.022050755561495015,-0.004740881669438737,0.01408205593860427,0.0029673816083195625,0.0006038259582181877
2016-03-17,-0.0016052890726179969,-0.0038218648773646413,-0.002889674331698965,0.005687719510965774,0.0041241874514454345,0.014733186150852614
2016-03-18,0.0011336322886446853,-0.002750755714748547,0.029021674965315887,-0.02163758596136782,0.0020936402090151584,0.0011887148066502455
2016-03-21,-9.445338960640085e-05,-0.007036416699314462,-0.00033072603206057673,0.0068934374822452625,-0.007699954769908719,-0.00691226674291681
2016-03-22,0.007618890014173915,0.0029378329691904675,-0.003645388651572404,0.003891442701614081,-0.00023447288704032683,0.005961686536235262
2016-03-23,-0.0055438455726297695,-0.02289008865862743,-0.004992603383651782,-0.001851534386183122,0.011260842887832478,-0.004408155715099431
2016-03-24,-0.004343571254764922,-0.00240404319751751,-0.007703722186710998,0.004437282358539571,0.00038559449086048725,0.002742323437824372
2016-03-28,-0.004552950820142383,0.0023182652611009025,-0.0013459114723715236,-0.012436165624190136,0.001312257049381907,0.0028540555335288425
2016-03-29,0.023395729045300462,0.018355407053401357,-0.00624858645486878,0.021617197455618343,0.010429809900258658,0.0036735610169847115
2016-03-30,0.017308482663497177,-0.01407641031024458,0.011453735832954828,0.006195308961878394,-0.010584574424743774,-0.00011782426828993264
2016-03-31,-0.005216078519050752,0.004600850924385841,-0.008239984968225663,0.0032645670109705763,0.0070693713215023045,-0.011064340312520564
2016-04-01,0.009133079391822344,-0.006053640735366039,0.010916134943403048,0.0061373127462351785,0.002604578764788416,-0.0075654094934171755
2016-04-04,0.010221332362123968,-0.006692995408569699,-0.0038778823452335224,-0.0025226192254346066,0.0006121280846346838,0.0024081352019486952
2016-04-05,-0.011859003300800126,0.012916668207256437,-0.014290845174796151,-0.01582017407950737,0.010876521817502514,-0.011489844016304526
2016-04-06,0.010417878818390864,-0.0061381369358647206,0.007681112526360525,0.010211607647009048,-0.007288709380392432,0.013291496916907147
2016-04-07,-0.02205108363197005,0.014179801562102948,-0.025661903176712835,-0.012045942882526887,0.012269121965489653,-0.011346919553569704
2016-04-08,0.0011056502046346034,-0.0015187338768047718,0.007300454617264664,-0.0007348044478003756,-0.006342771606568528,0.01014620182135968
2016-04-11,0.003307087875212025,0.013419630057020864,0.007935147436933314,-0.002023341433513268,-0.0012885825134497152,0.0013210266471156546
2016-04-12,0.012940962539678236,0.00016664672071527165,0.018386550634760142,0.0062407166437886885,-0.006926286299181223,0.012286109593350756
2016-04-13,0.014383990055753368,-0.010719526565990727,0.041469671795961005,0.01272776935525935,0.0035072738247998478,0.0056745724418439105
2016-04-14,0.0005351449508617499,-0.014075152256168354,0.012864007089572015,0.00018035200885065689,-0.004806567808200323,0.007047939404785553
2016-04-15,-0.020275208269442117,0.006892743647260424,-0.011570301393218508,0.005224814627023943,0.008528960778350645,-0.005399268095900132
2016-04-18,-0.02181120614710129,-0.0015276274565966695,0.006444570995216493,0.014450490358299758,-0.004331359651386179,0.00948758909288127
2016-04-19,-0.005317369328736214,0.015506833308651099,0.0167215905301837,-0.0012408237299744392,-0.003127334285486817,0.005000421886066827
2016-04-20,0.002055654642867867,-0.005114248016109923,0.01442454196938857,-0.01428825627932896,-0.011061695796560828,0.006820310101151882
2016-04-21,-0.010887455546099873,0.003775305036917395,-0.010012558364817552,0.0034118995354659514,-0.005965872374564638,-0.00011508023180346054
2016-04-22,-0.0027401283260703084,-0.012894694659209222,0.005800922012730071,-0.07441138103860816,-0.0025672223254120234,0.008490138682300703
2016-04-25,-0.005693594929644763,0.0028799271415296556,-0.00580092201273001,0.006353081486393632,-0.004137639784427967,-0.002287233972225028
2016-04-26,-0.006971570339610476,0.003967367637514969,0.005175436005374256,-0.012941094495485531,-0.004547873017713995,0.00342925984453537
2016-04-27,-0.06462148826083985,0.002860302869919961,0.0028116880994450825,-0.009767353124667777,0.009931040448275037,0.009426700393586451
2016-04-28,-0.03104326368034052,0.018724801093336303,-0.007987124104819368,-0.02062759826704281,0.004114936681182172,-0.004872526305286412
2016-04-29,-0.011560663520908801,0.019270626438691783,-0.006309065190510756,-0.0006012511302843637,0.0025542774655045756,0.004194347623239541
2016-05-02,-0.0010674208415886806,-0.0033213499131697927,0.00929221406373524,0.014729544485086699,-0.010119485798948264,0.008223895989020614
2016-05-03,0.016312350119168262,-0.0022745646099545844,-0.01947037588883952,-0.01653573062152693,0.012517221834017362,-0.011509799292005518
2016-05-04,-0.010455764094758816,-0.006118222826125519,-0.015951408994063887,0.0018061861364402384,0.005470813162500291,-0.001931489899052666
2016-05-05,-0.004067330940691126,-0.0011462207767798868,-0.005374105233125311,0.001402588352593492,0.006662837020112106,0.001137037190855612
2016-05-06,-0.005592851516448342,0.009052054554673597,0.005861274816354953,0.00897055695231283,-0.004283795866217552,0.005324071572407263
2016-05-09,0.0007548296334188113,-0.02075289801818274,-0.006351389458801223,-0.00637080968428835,0.0031384294714992956,0.0006775344595882033
2016-05-10,0.006766695797548373,0.002731465708414251,0.01346882714618545,0.01879586465528077,7.649385565153208e-05,0.01590551604257375
2016-05-11,-0.009788896570792665,0.009378919930915114,-0.0037141988442665414,0.0005875332764792339,0.005638386222486276,-0.004830235451412282
2016-05-12,-0.02373629692739891,-0.007892173973086844,-0.0006472714440573248,0.008970446322468902,-0.00456951368341939,0.009636603965075862
2016-05-13,0.0019901551259642303,0.004529141979827091,-0.009270701249253794,-0.008382834628530244,0.009647292579534375,-0.011326904663926234
2016-05-16,0.0364466124520062,0.0007392219670169126,0.007488601442226272,0.014576261480503403,-0.008655216378571003,0.010211229909417656
2016-05-17,-0.00416275630969204,0.003442329123242772,0.0,-0.018828025357039598,0.0016759042034586928,-0.00044620337337762303
2016-05-18,0.011380427986776442,-0.017497993073654197,0.037871988391244976,0.005921906551759281,-0.014337838344260246,-0.0020125283130431686
2016-05-19,-0.0038148807472315294,-0.0019168712488535212,-0.0102015315767228,-0.009690527935799288,0.004315484959082433,0.00846958291512642
2016-05-20,0.010770243418774434,-0.001335701516612647,0.0018910901209660675,0.005943945183690013,0.0007682261338188231,-0.004114277312523699
2016-05-23,0.01262712329234706,-0.002844207499474105,-0.0007877785941318075,-0.011724048295986857,0.002225610798001731,-0.001561695387254543
2016-05-24,0.015129423823411045,-0.017493154439807392,0.016875639702916535,0.030705396923657077,-0.004456110192976144,0.0007807962255812515
2016-05-25,0.01741662697200417,-0.002731772964595234,0.015069964364623887,0.010221013570770926,-0.0037804027111588427,0.006558300791519926
2016-05-26,0.007898535034957849,-0.003425260387699169,-0.007506291244622266,-0.004422802886276912,0.005165548396946509,-0.005109025081703191
2016-05-27,-0.0005980166819754949,-0.008268772914245718,0.0061322156964200335,0.00825249288859861,-0.001462310326440804,0.002335418944714816
2016-05-31,-0.004894527598837104,0.003798302317157037,-0.00244849648645224,0.012913228461954335,0.0023848020635792023,-0.01105928883466273
2016-06-01,-0.014119167904906891,-0.0010344407576528966,0.006414317063980164,-0.00283418812413704,0.004048492584594853,0.0024683558651547
2016-06-02,-0.0075437843505004095,-0.002331543491761781,0.0018247879243948213,-0.007025371316737259,0.00718184095269986,-0.007988328253374593
2016-06-03,0.002044218167328596,0.027373264388307242,-0.01793835249285093,-0.013234999860741531,0.0141358679594389,-0.0018087841644552404
2016-06-06,0.007224847569694364,0.0003364248669020046,0.009852482617850378,0.006543404027940598,-0.0074589146660313296,0.010916909939413239
2016-06-07,0.004047504232839119,-0.0008412423733233627,-0.003375623511074823,-0.0005756472687546975,0.002417207806502571,0.015218031077258762
2016-06-08,-0.0009094133263723449,0.014703707887444253,0.0029159232613760982,-0.0011523721441315507,0.005341147058981104,0.0008817586835484598
2016-06-09,0.00715046134372127,0.005541081570940133,-0.007692160390932567,-0.008103421072787683,0.006432702749973091,-0.0013226093954634207
2016-06-10,-0.008262667729799078,0.004033075700703472,-0.014153877000852815,-0.0027161324250739457,0.004834248901546867,-0.007639010408086817
2016-06-13,-0.015191382972874137,0.007365624068488461,-0.008968825814279702,-0.02637417180991622,0.0044414510463562365,0.0067562124737765876
2016-06-14,0.0012324547007624015,0.0010594292626908233,-0.01898744649273054,-0.006201679782816142,-0.0007381108798459919,-0.0017674233692928298
2016-06-15,-0.003289123803552207,0.0073849284570991006,-0.0017732726955779843,-0.0028137526596162406,0.0038363061321018484,-0.0029902085880503626
2016-06-16,0.004211568886028252,-0.01056665171524312,0.004025878998883174,0.013988889387132733,0.004848006469258414,0.01168811871524603
2016-06-17,-0.023020506894526335,0.01274729826898987,0.0009639306814536095,-0.005172660431291646,-0.006248344194917376,-0.005496431663419314
2016-06-20,-0.002415199161764035,-0.005988024654369792,0.0014441560787128557,-0.0011977707636946914,-0.010749999722205496,0.004399597788768734
2016-06-21,0.008481077238302673,-0.01942288299292089,0.009256330262777742,0.02212215668135093,-0.004632048130580983,0.004489120680835534
2016-06-22,-0.003760295896215564,0.000496444028716167,-0.0038198982127561915,-0.003914563057714476,0.0016459614554076665,-0.003940903829849946
2016-06-23,0.005739239501833641,-0.0065557755937431204,0.021143015799331685,0.017881913911961644,-0.011504074772100971,0.006886802723866015
2016-06-24,-0.028497845704237117,0.047873912303474195,-0.07200810546675038,-0.04089421306812838,0.026493145350424217,-0.02660378848280721
2016-06-27,-0.01466799142406741,0.0053823171279899626,-0.03395998339254798,-0.028497796212010974,0.024660221434852365,-0.005946695708581085
2016-06-28,0.016699973126707273,-0.01079376043064916,0.032616557375210034,0.02064026070155852,0.0020818250634270486,0.022808145376719532
2016-06-29,0.008617771254463955,0.004140765999889028,0.027834763589914924,0.022005103594683075,-0.007702337632504399,0.016906053056753148
2016-06-30,0.01263184624537811,0.0049939058952932335,0.015242968414747139,0.01238843433511162,0.0036788334587727067,0.013748684445816962
2016-07-01,0.0030287971789370958,0.015223162818061162,-0.006508559983681258,-0.00019527729563873343,0.013788304958379361,0.00106588482146719
2016-07-05,-0.009430241140375226,0.008220905136956962,-0.028310949374722623,0.00019527729563877786,0.012442953218724925,-0.008776563747557385
2016-07-06,0.0056688970163830035,0.005852881673551483,0.010690160371825463,0.004095717542801531,0.0016144616841515733,0.0114376125076982
2016-07-07,0.004283006348858409,-0.0037695950478742334,0.00645836238886201,0.0,-6.974207677123173e-05,-0.012082782748152748
2016-07-08,0.0076830349679926965,0.005994014334570739,0.020424239536991785,0.017747625561828507,0.0073385497240586505,0.006220044057995116
2016-07-11,0.0030982407628761667,-0.00946861312154938,0.00709083332140068,0.005529507676768297,-0.008813006144800944,0.0037350728553960837
2016-07-12,0.004526815865958825,-0.016690387468968386,0.014824542435918846,0.01172030485541499,-0.016576610805819517,0.011226133083369994
2016-07-13,-0.005661426820907816,0.009159697327218079,-0.0006331738222522182,0.005622257286879384,0.011717385375476324,-0.0007373613516248937
2016-07-14,0.01962639123158704,-0.007745045230236175,0.015085309436459625,0.004289030250172905,-0.014650311593852664,0.0007373613516248704
2016-07-15,-0.00010133515638049326,-0.003855735167465888,0.0009351707913321732,-0.0007446780910904899,-0.008633216369803085,0.0017887186904700417
2016-07-18,0.010573793715300402,0.0015755839071671933,-0.003433778937084687,0.00482992747904751,-0.0009401140702017496,-0.0031586596256264594
2016-07-19,0.0004002634807237738,0.0013372522657107563,-0.0015643946160631287,-0.016254126352012132,0.005625850815495868,-0.0036980647843403865
2016-07-20,0.0009011160185127487,-0.01441038163632243,0.0010953101926154654,0.05175441950470762,-0.005481122162852474,-0.005732640088542822
2016-07-21,-0.005316299109775802,0.015117654201499693,-0.003761078778319848,-0.0019693764125259207,0.002022943406042449,-0.0008519603878870521
2016-07-22,-0.007774341387104773,-0.007490707778721399,0.00548013307831702,0.013705027916361188,0.0017311846914966297,0.001703628130947864
2016-07-25,-0.013469681041700012,-0.006989125856947095,-0.002658113546842484,0.0028241970543360748,-0.0007214222612621249,-0.019441250026616893
2016-07-26,-0.006906997936842246,0.004215211050825792,0.004062521805265969,0.0005289055476589415,0.0015853979756896939,-0.007293470320537911
2016-07-27,0.062940446867026,0.015982694972101107,0.0031138129498526194,-0.01009338026633845,0.012376168672279966,-0.006796439920652769
2016-07-28,0.01341142457392351,-0.00289409340924044,-0.003581729918808206,0.00035594670408376194,-0.001850578982170011,-0.00784062182809791
2016-07-29,-0.0012464753521843088,0.010286811942904156,-0.0020299956408424483,0.008326699787742425,0.008299799042065752,-0.01395526927941798
2016-08-01,0.017502320337208187,0.0018590671194806466,-0.0026612556832006475,-0.0017658409124371394,-0.010901292053918965,-0.035355985803260846
2016-08-02,-0.014915105224424338,0.008092864929715934,-0.00235382764390861,0.0,-0.010356870942953863,0.013649466858274065
2016-08-03,0.012460712672041921,-0.004770787598632875,0.015743504451755635,0.006869291835168429,0.0005789272283263075,0.00515653368229146
2016-08-04,0.006158428749421344,0.0016954476164976306,-0.0015476728946352159,0.007345150120388318,0.007485395920144267,-0.00011395147950369526
2016-08-05,0.015092791530014747,-0.018025444010511534,0.026594714492212367,0.009883149390746599,-0.010451824787709552,0.0009137033594475693
2016-08-08,0.008246443817788917,-0.0008627837547004024,-0.003021077223332549,0.0017241291659935367,0.001881647398967838,0.011694660332210395
2016-08-09,0.004051918252859736,0.004072023167431496,-0.0034858009308719154,0.0024081629768386167,0.009788714920816559,0.0012413236011563438
2016-08-10,-0.007472166770621361,0.004677994512329687,-0.008997193099636154,-0.0030976356537870463,0.0038602824305254304,-0.01766518544687263
2016-08-11,-0.0006483857956091254,-0.006946906948684773,0.002753230111408742,0.0048142189382924,-0.008958655213995933,0.0035810466386867615
2016-08-12,0.0023137247035808855,-0.0021170403750345335,-0.002140762419859106,-0.0061937765407590354,0.008387587116767615,0.01294609368231665
2016-08-15,0.011945489930259866,0.003447698256792746,0.006105250002745501,0.003101757528841827,-0.009467615894218738,-0.00045529229869468725
2016-08-16,-0.0009138757375182329,0.004915970173444719,-0.000152447705261323,-0.00555552043559268,-0.0026704974806099828,0.0012516536447273756
2016-08-17,-0.0014638034747805463,0.00023348078990268189,0.002735683673879925,0.002086716193081437,0.005980133412101274,0.0021590426139475438
2016-08-18,-0.0012823879348072408,0.004735854578729188,0.000910060910143274,0.0006947537697719782,0.0015785692163380223,0.009039134879173925
2016-08-19,0.002563437693895172,-0.008868887925520175,-0.0013653278593707353,0.00034723300624444763,-0.005249179678566211,-0.012563456982628535
2016-08-22,-0.007803012986268694,-0.0014858453674488508,-0.0009116022217573553,0.0008672592926297811,0.00839991158100546,0.002161465410220856
2016-08-23,0.00312837787223458,-0.0001565049936259337,-0.0004562616826111575,0.0038075911513058796,0.0010720848473790828,-0.003073169947221928
2016-08-24,-0.007561802288424095,-0.011176864142998198,0.002733191763739313,0.001035755316653281,-0.002359671320451328,0.003413731071269266
2016-08-25,-0.004266951492576077,-0.0008709901258544955,0.001818307286616794,0.0037894492265158337,-0.0038009336530335416,-0.006382228062870668
2016-08-26,-0.005873806262237551,-0.0014269885139346196,0.00226763512185591,-0.002409765513325893,-0.005837199697940291,-0.0021746440505532242
2016-08-29,-0.0011230021491530394,0.001981375674593548,0.010963474743542418,0.0012055718901426095,0.013282288591733088,0.0065099928688759235
2016-08-30,-0.007705982509777146,-0.01010635477558835,0.008181272993141604,-0.003621010919985627,-0.003859182870255887,-0.0036496905186976106
2016-08-31,0.0009428457468875567,-0.0020015218438290436,0.0,-0.007455279119025387,0.0014309656178408572,-0.004351036632415548
2016-09-01,0.005920407457432495,0.004078880664929754,-0.004305356949749647,0.00225975631866885,0.0011027759297568263,-0.0034486612921169777
2016-09-02,0.009325545857055579,0.010164454828507231,0.004157364476078145,0.001387931649050636,-0.008189937402396655,0.006656980270120029
2016-09-06,-0.00027830391090056037,0.0167663514307978,-0.0007410889401157326,-0.0010407866243237157,0.007258997276955333,0.013068857952450982
2016-09-07,0.006109547875592682,-0.0034244132039321193,-0.004160671522581547,0.0008672616619449539,-0.0007160840531774613,-0.0037332662728421467
2016-09-08,-0.026558607014423957,-0.005315481388614766,0.0013392085619844854,-0.0039966571087006915,-0.012621010541961358,0.009137859690907834
2016-09-09,-0.02291049070431578,-0.00660532676019275,-0.00896175462452792,-0.02147217451926277,-0.01661144656225589,-0.025130431640636886
2016-09-12,0.0221519646529846,-0.0012631537514554386,0.006132673203129256,0.014833344967321173,0.0005167993594891409,0.005168740166267497
2016-09-13,0.023526090737413505,-0.006657679739988439,-0.007934775682813403,-0.009156525432543635,-0.011423143070675315,-0.024117004590916993
2016-09-14,0.034775053359195375,0.0034136523813896856,-0.001955851242422549,-0.004787739221840488,0.00149075522501721,-0.0071853842163850405
2016-09-15,0.03343305695632908,-0.006440074325495675,0.0036077801524462784,0.016395150289221797,-0.00432977318633681,0.005658177295748265
2016-09-16,-0.005640154557508886,-0.002475784418470438,-0.01238121267857767,0.001048724603679851,0.008047511094124942,-0.012418130182310815
2016-09-19,-0.011728620401981464,0.002076861031546589,0.005605718208629805,-0.005605000253122036,-0.0032707479672226185,-0.0023827922118411873
2016-09-20,-8.817682124169072e-05,0.0009571124160199947,0.0040708619457296286,-0.002110057466174847,0.0034933660767079377,-0.015507988392906721
2016-09-21,-0.0001760107078823223,0.014483211562644741,0.005701339095676225,0.01658401727766528,0.008054765063874342,0.009165556433324047
2016-09-22,0.009378958455135861,0.0023544435304930274,0.008194900848666952,0.0010382328003251575,0.007917146685582636,0.0028771358826217373
2016-09-23,-0.01680402491969674,0.0006269244831308528,-0.0020796792259362624,-0.006767973045269615,-0.0009491194844811065,-0.0010781114330292805
2016-09-26,0.0015070860476672288,-0.0007836871273146296,-0.02210102887178858,-0.009271654283976615,0.006338113820385414,-0.004684531485878705
2016-09-27,0.0018585857987005034,-0.00731797170627855,0.008778670349531196,0.01828518282301514,0.007308656034703765,0.002164893177985108
2016-09-28,0.007575852926525067,-0.0031640709801869947,0.005260512085962181,0.0013796837131898664,-0.0021653656145039185,0.04302992507204478
2016-09-29,-0.015654693006708135,-0.001189120004834333,-0.016017430252116716,-0.010915830756007563,0.0025258514045179018,-0.005076332664756708
2016-09-30,0.007725146014943926,-0.0034166360099868506,0.0142167298521716,0.003478308275984445,-0.008977188806411523,0.009439624602173388
2016-10-03,-0.0046995516639799775,-0.0025502061636871118,-0.001201854091298883,-0.0031297169035559404,-0.0033057773133256326,-0.002638797193599136
2016-10-04,0.00425718447942449,-0.03532787258610445,0.00859501652435872,-0.003139766528909528,-0.011763817108380705,-0.009232374343801556
2016-10-05,0.00044236718455536853,-0.0015718922897908132,0.016234207656928512,0.006963828916044114,-0.004670334813020112,0.008658292465999948
2016-10-06,0.007402891460088993,-0.009316280206747919,0.002655516730485203,0.001733461644639559,-0.005588533488567139,0.0004593315730810089
2016-10-07,0.0014916288859296418,0.0006682890904551575,0.003530016470772748,0.0010385921571184347,0.0006723249043614709,-0.0034524981482030414
2016-10-10,0.017296452673661332,0.003501510836135576,0.0077515858846148615,0.00414354183286217,-0.0059162818357627895,0.019409073304675305
2016-10-11,0.0021518644047091953,-0.005089499061391432,-0.0048193353122269475,-0.014753574807507917,-0.0022559709835745572,-0.007946362900865547
2016-10-12,0.008902684969120419,0.0015879882252557648,-0.002638887780427275,-0.0013996636758480394,0.0009778407524037715,-0.006976610997508757
2016-10-13,-0.0030726910996595556,0.0024189937106391113,-0.005740708121551729,-0.003332767629956798,0.0037535857281805226,-0.006563347605913797
2016-10-14,0.005541176628302024,-0.005597559798283797,-0.0032529591965818287,0.008746348091557846,-0.014110636781576308,-0.0002312790209323883
2016-10-17,-0.0006802677321247196,0.0026773752071126027,-0.005197014325557735,-0.003489305098297994,0.00636313842438915,0.0
2016-10-18,-0.0006808724277790033,0.006164100054633751,0.00785935205158563,0.007659989338349508,0.0032421623677887546,0.002654459967896825
2016-10-19,-0.00298384473883705,0.005713611741873303,0.00955535292116571,-0.0022569364206396726,0.000826996886467856,0.004599143558339632
2016-10-20,-0.0005124682483432151,-0.0030597728971403517,-0.0013173035834224993,-0.004878940001484842,0.0010525656303767583,0.0004588323876625619
2016-10-21,-0.003937434811947319,0.0007451585177257722,0.0033635431632319354,0.041233890056840375,0.0015016518756581084,-0.006788505114036644
2016-10-24,0.008964864934772354,-0.002237080125500534,0.0055332660428100665,0.022212317930187443,-0.004360966386998774,0.0033426829678932044
2016-10-25,0.0050868351014118,0.007519794693909835,-0.001017339085910259,-0.00016391143388239443,0.0026336486201632946,-0.0021887527381586045
2016-10-26,-0.022751618361302337,-0.005613820564916883,0.0047850246067177755,-0.0059198328398700345,-0.006785503255358032,0.004257842511050988
2016-10-27,-0.009649307532201726,0.0018196962666161048,0.0014458833372560191,-0.008780431480568804,-0.010953807460488251,-0.001954035322053539
2016-10-28,-0.006660786669376109,0.004699292917769531,-0.0017349315864373768,-0.0038340853289360213,-0.0022213804350154835,-0.024928654181753034
2016-10-31,-0.001584072355277032,0.0029566431199742503,0.002167931638999402,0.0008348225453576372,0.0061141434821862725,-0.0173711163673119
2016-11-01,-0.0182205093285323,0.006457707460557924,-0.004195794922506167,-0.0020049460704875777,7.644981903356367e-05,0.003952795221198663
2016-11-02,0.000896662676449297,0.007387264365792701,-0.004213685949935259,-0.00620613500670671,0.004341423462203863,-0.002393698725227905
2016-11-03,-0.01077653867419749,0.005323910740822675,-0.00437787780404146,-0.003708813802033609,-0.007705464206106013,0.002513443391732539
2016-11-04,-0.009054852268803959,0.0007237632468994597,-0.009108195663415728,-0.008480592097622948,0.008920727855277241,-0.0010763574774373058
2016-11-07,0.014321873503358258,-0.01817197611952108,0.030807364811148503,0.028710109312230815,-0.008538322078592982,0.022246847865195693
2016-11-08,0.005869850128611708,-0.004183952404118774,0.0021444857638134055,0.0008272970924475768,-0.004065629462803536,0.007175936054836148
2016-11-09,-0.0016221100871676934,-0.0006579098268444278,0.044954408629150955,-0.004973370635928303,-0.04335880914020629,0.010958531602839182
2016-11-10,-0.02826334779984386,-0.015001711673606965,0.04537144702925608,-0.024734123008497803,-0.01488094140640486,0.00923245622801593
2016-11-11,0.00591960114692694,-0.022377978717915834,0.0005218023950538226,0.005436594575870944,-0.005637843890019484,-0.0159800059084288
2016-11-14,-0.02540508836806909,-0.008490234677527317,0.036111394097014846,-0.015366467617460623,-0.005999913369350647,-0.004562760188600807
2016-11-15,0.01315661100386023,0.008661050768427549,-0.0018884341728079121,0.01955476669357044,0.004933925735570545,0.017897025516643565
2016-11-16,0.02653300997454484,-0.002992914324639575,-0.025007715966426026,0.013162383151301,0.008982825447211266,-0.01240068763609483
2016-11-17,-0.0003635377067051419,-0.00515153957584098,0.007978426667452425,0.0164605061369439,-0.014822991135894782,-0.006082753809825745
2016-11-18,0.000999843197219889,-0.008818980245606272,-0.003981131456888093,-0.00479386238325984,-0.0028920491835931145,0.000586415929277097
2016-11-21,0.015059869487618768,0.0037273072140238833,0.004365668827671371,0.008415362765153058,0.002478791269636132,0.014088849314152533
2016-11-22,0.0006261769482060774,-0.00034614845492716306,0.006130840874025783,0.004262862139030764,-0.00033024714598204024,0.0021944289772810447
2016-11-23,-0.005111562931655505,-0.020019033913875547,0.004193578172109104,-0.011849978168269104,-0.0038883938830788166,0.002765037953347113
2016-11-25,0.005021995607650301,-0.005667237234161627,-0.00038064852373167926,0.002149830249808247,0.0014908751071975302,0.0022984815804312003
2016-11-28,-0.00196999165558903,0.01051202138010083,-0.006490626238530431,0.001321012570628389,0.007339650820967849,-0.007489165804449167
2016-11-29,-0.000986230331679081,-0.004668228933024833,0.007631583589768428,0.007888040874932709,0.00418147037442347,-0.0066139294364283415
2016-11-30,-0.00846933412220706,-0.013510086082379656,0.01571518323680801,-0.013679536577288966,-0.016333229408275272,0.01616682892585381
2016-12-01,-0.00936335731530104,-0.0018809543242076046,0.020005720259251965,-0.01774687554174105,-0.010614439516814355,-0.000687503564209458
2016-12-02,0.0037377383324156714,0.005364806083291903,-0.0023261970764484516,0.0008439712654366095,0.00730081880372866,-0.0022952512863482774
2016-12-05,-0.007214299374278652,-0.005364806083291772,0.020139060940624533,0.01623885011339981,-0.0010876613361417008,0.0050428257351887995
2016-12-06,0.007669152157599682,-0.0009866853717861235,0.005151376146121235,-0.004493618535863894,-0.0007536461014861214,0.0009138135910250887
2016-12-07,0.00977486672386388,0.0035832836159677074,0.004530051855823488,0.023410023878582174,0.008508028745734553,0.005807334113636525
2016-12-08,0.009769037884729756,-0.0023276835438490475,0.012412250517094029,-0.005883024150493022,-0.011864192921805948,0.002834858305728393
2016-12-09,0.0161900626815834,-0.010542046205441346,0.004337445281729115,0.015612667550181494,-0.012517065210616572,0.007669930302486612
2016-12-12,-0.005720625699713792,0.003797113021044969,-0.008929783678306337,0.0032223134279074344,0.0018705755678298016,0.02200313884497276
2016-12-13,0.016544059377718752,-0.003344358449500988,0.00035403295649819456,0.012944173546178838,0.003561493745691485,0.017433580250730482
2016-12-14,0.0,-0.01477585370302796,-0.00035403295649832456,-0.004774436199841621,-0.01123631946010607,-0.021839645387766896
2016-12-15,0.005454202574410772,-0.013785715901107913,0.014877829201573142,-0.0015967836722325106,0.005037880938701101,0.0034163728742566874
2016-12-16,0.001294338469976749,0.006592778565065687,-0.012402455296463735,-0.004484334373331781,-0.0023023061837628813,0.0031855913642616766
2016-12-19,0.005760638381108174,0.004985177307786946,0.005752267904879836,0.020966685981499457,0.010699334600922145,-0.008370042528359097
2016-12-20,0.0026543215488549613,-0.007394390217464912,0.012793868372428591,-0.0012584063665028635,-0.004995979222199157,0.00011088065710298984
2016-12-21,0.0009401673310412194,0.0005564603998491446,0.002539158758582841,0.0,0.004404223435363554,-0.0016603912131332985
2016-12-22,-0.006599880656608126,-0.0024136861188265224,0.0016126303016962573,0.00015747916986830773,-0.0017892952070373584,0.006514127419267492
2016-12-23,0.001975976768560683,0.003155199096609045,0.001839683838252479,-0.004890003610366646,0.0020352803341802117,-0.001762493552888218
2016-12-27,0.0063307490394199,0.00582012137282036,0.0009184070995409799,0.0006322853915008217,-0.003224518450750016,0.0004409618855284205
2016-12-28,-0.004273261128372392,0.002759665575201272,-0.007256445253059039,-0.004593203054559182,0.007282367078601904,-0.004971008750468128
2016-12-29,-0.0002568837085847253,0.01305061000633585,-0.007077073878744543,-0.0014300143316338563,0.003536610454552316,0.000553373604951461
2016-12-30,-0.007826166045396264,-0.006184651823121631,0.004646510100242955,-0.012156172410885444,0.0015122066074463691,-0.0009964702008695289
2017-01-03,0.0028450229734078153,0.00781538513824579,0.01083430626335225,0.007055683604410903,0.004272356994949148,0.006955471314606442
2017-01-04,-0.0011199194543449343,0.0035241475629946054,0.0018428558861007722,-0.004484334373331781,0.0038375467687883874,-0.011063290408211308
2017-01-05,0.005072725358480027,0.015395946803090798,-0.009247419975346099,0.0,0.015531948976674812,-0.015019157511376733
2017-01-06,0.01108658891700944,-0.007399862806678017,0.00011598052347820463,0.008630275471552701,-0.009224185608656068,-0.0005647544007095577
2017-01-09,0.009117693846030582,0.008198942430912352,0.0006962732955411544,-0.0031876326538450056,0.00799380238246715,-0.01663500630996076
2017-01-10,0.0010077097208725683,0.004251209640407789,0.002896714019011994,-0.0003192212626165331,-0.00065689817410114,-0.012834834336079997
2017-01-11,0.005359142153366888,0.003088451356458922,0.007492619987496091,0.009061363940080737,0.003362269200547269,0.010188789103096287
2017-01-12,-0.00418421923513105,0.0036058581395100996,-0.009693209157266923,-0.009221114380301309,-0.0022130201636095335,-0.005428580868828745
2017-01-13,-0.0017623810688350977,0.002630155985373185,0.005319470454884739,0.0014362274157624418,-0.004770162241327272,0.00011565714381740751
2017-01-17,0.00803216279903471,0.014257386660884261,-0.03700825911178022,-0.0027148792508482366,0.01041527700255796,0.011628885754870278
2017-01-18,-8.344662999764223e-05,-0.008495159639561354,0.004656794492598825,-0.00047981449721530973,-0.01289061574681133,-0.012439825648431732
2017-01-19,-0.001751571607148673,-0.0008709816243124942,-0.007653740395067026,-0.003205204782569409,-0.006882979547019716,-0.018127973733033122
2017-01-20,0.0018350182371464504,0.0024367465635149513,0.004432028043853081,0.0070378306463023494,-0.0019986074181738167,0.013597412472144963
2017-01-23,0.0006663576638896233,0.006411370524106662,0.000477941883587015,0.003500360555376111,0.009955409994017868,-0.010768896447901575
2017-01-24,-0.0009164425326584273,-0.00450104004040464,0.011993144909161363,0.008855189164458533,-0.006875728009194295,0.0014112299184925068
2017-01-25,0.015795253722995627,-0.00827564253844338,0.015344564963475936,0.002515689374899514,-0.012630121043901698,0.0029335920911433082
2017-01-26,0.0004921361495872173,-0.00931545140516917,0.008334017488590246,0.009222326591673059,0.003361418305476351,0.003042282220596154
2017-01-27,8.170509581717308e-05,0.002028628943019752,0.0020728913902573433,0.02322319500819251,0.0036007502930367934,-0.001052060888853104
2017-01-30,-0.002627405069662639,0.004220558088409409,-0.010406908878847557,-0.009930861816483602,-0.003013708732771452,-0.007630310499398539
2017-01-31,-0.0023045536472154817,0.013768096552717091,-0.016407053991081933,-0.007396932873358275,0.006935150530788068,-0.011496504148554115
2017-02-01,0.05919351171410078,-0.003033641360264487,0.0037735938974541314,-0.016688949175198423,-0.006202664840315505,-0.011388959692976108
2017-02-02,-0.001710201957183936,0.005540175253055282,-0.004246909727927832,-0.006469772786944283,-0.0004202143967077518,0.006130103274303156
2017-02-03,0.004270129549384652,0.002500332582847749,0.030159369425517345,0.008040995052119044,-0.00041982239668554024,0.001078085822183423
2017-02-06,0.009330476131364463,0.013428758731216857,-0.004714188797110766,-0.0006281127337783756,0.006032088904334325,-0.0027572619011018993
2017-02-07,0.009472067679445743,-0.002041146037959061,-0.0005760250479063403,-0.003305316878916464,0.00732358641778755,-0.0065032260627379155
2017-02-08,0.003869895911572584,0.006195677380773958,-0.008803130491230668,-0.0014200878013524007,0.01350710740807391,-0.00660502636483063
2017-02-09,0.00720016172105873,-0.0076440113416854985,0.01432233470630327,0.011303177769058774,-0.0116015510452247,0.004408448218198681
2017-02-10,-0.002268064050818347,0.0026395141502793757,-0.002295930621328212,-0.0009371221937527864,-0.0005793309621872196,0.008274443972369384
2017-02-13,0.008816440527875988,-0.00682592596717586,0.013131804484740134,0.011187394213094956,-0.0031519794142504274,0.005800062838207248
2017-02-14,0.012895597593908781,0.0011123712399388251,0.015868551034422654,0.00372372711531926,-0.007253860857173487,-0.002170955106197747
2017-02-15,0.003622603525005423,0.0044372173593291335,0.0114350921802541,-0.0006196372845628292,-0.00461219159003002,0.004096721603962979
2017-02-16,-0.0011807926200348936,0.005349691237603948,-0.0006624736555432798,-0.00015513264214913255,0.005449130435177522,-0.010395226852844533
2017-02-17,0.0027293199802281808,-0.0033932974726115484,-0.0033191814851488144,0.0015490052726316553,0.005918504987799409,-0.006582961955021178
2017-02-21,0.007194722150006404,0.0005946540100771037,0.00860725355463462,-0.002014090166847327,-0.001747022134225789,0.0015888865117831266
2017-02-22,0.002994809593865853,0.0013579197505681978,0.0005494106865202002,-0.0020178274817908718,0.0016636204578037116,-0.011792659566618761
2017-02-23,-0.004238881572976738,0.00869753215772035,0.00076811703246048,0.004031917648638255,0.0029879927348839147,0.010448168633682468
2017-02-24,0.0009513926113659158,0.006369402264058673,-0.008817198531162064,0.0,0.011043448330289857,-0.008595935450637282
2017-02-27,0.0019737298282057674,-0.004857175635850916,0.0011063573600092514,-0.006053628135005556,-0.0059186958424912485,0.00565722667223746
2017-02-28,0.00043815161125468127,0.0009230175401251751,0.0020993736107660027,-0.0039001804127052216,0.0037031292467130535,-0.002702079182298853
2017-03-01,0.020233779132190377,-0.0014268817535848302,0.03235527171797127,0.01489331657206121,-0.016898080891955502,0.020689627666262398
2017-03-02,-0.005955133481879811,-0.012508578672613836,-0.0157214884085732,-0.014424130138247704,-0.003605939084498246,0.003367072753517327
2017-03-03,0.0058835742335327295,-0.0005955140219629334,0.007137867486135197,0.003742242063249586,0.0026011690698583773,-0.010135147397030126
2017-03-06,-0.003153095901003827,-0.006745539852068352,-0.009528383645333337,0.0003109545046016647,-0.004787610004101395,0.004476811207088251
2017-03-07,0.001291228249577723,-0.008086086565359002,-0.0055635272236062155,0.002020846908487756,-0.003035713529947762,-0.0037496123760928264
2017-03-08,-0.003734285895015995,-0.006238117890961693,-0.002190389738009778,0.009119847685725387,-0.005418801029281138,-0.018221045664395336
2017-03-09,-0.0023047714844244027,-0.005140919622256575,0.003938958293962846,-0.004008657412723616,-0.008013159826477606,0.007866919307461123
2017-03-10,0.0033117519413371366,0.0021815968976861885,-0.0031718924176277223,0.0030852625241959185,0.0035035496041582507,-0.000734562245490338
2017-03-13,0.0004306609077321217,0.00017429306368713733,0.000876017466365334,-0.003394267367285421,-0.006331584692703796,-0.0023309655258094064
2017-03-14,-0.0015091330989917527,-0.005418130142925278,0.0016404936018662635,-0.00464669831484112,0.004794538191992208,-0.005294977771389946
2017-03-15,0.010520404054286824,0.01849249405467612,0.002401529554814825,0.0052645474544905846,0.012141328052650014,0.01239329263886768
2017-03-16,0.0016360280484346438,0.004120559955210867,-0.000981675057817661,-0.001700216451278744,-0.005076514356173762,0.000853242166612229
2017-03-17,-0.004987587778075151,0.0022248383768926597,-0.010531498616888842,0.0035518665713308545,0.006256847436610835,-0.0008532421666121217
2017-03-20,0.01044576222309023,0.004435011725417898,-0.007193771105224721,0.0009247681075837675,0.004289284990990702,0.0
2017-03-21,-0.011517918254933899,0.008727009558066982,-0.029761855965663903,-0.011151109842295684,0.008274915319046935,-0.002075205433244472
2017-03-22,0.011235146975690738,0.0024434516279076965,0.0016006349851479431,0.012689887211221032,0.003987502096497638,-0.0008558147778924582
2017-03-23,-0.003541930393320691,-0.001347399463717088,-0.0016006349851480147,-0.0024635454765092406,-0.001410439275797383,0.0012222104633338017
2017-03-24,-0.0019887964426028785,0.0015998188263156232,-0.0011451974930955997,0.001694258186613186,0.003563642533860307,-0.00772605605225504
2017-03-27,0.0017052923441048945,0.005621040603803889,-0.0005727034047757038,0.0018449077821934806,0.004539532207140064,0.000246338261704082
2017-03-28,0.020514700069194806,-0.0041077969016607725,0.015469167610419587,0.0029144512584285773,-0.006692735465203136,0.007235422826741055
2017-03-29,0.0022229154334180747,0.0024332009503229184,-0.003731979322611649,0.0027530357749461407,0.005951359353147379,0.002196992049291163
2017-03-30,-0.0013193709187173145,-0.007233005455458061,0.008573195479859552,0.0036591991994864353,-0.008109048573695208,0.020275845366637943
2017-03-31,-0.001877647510698421,0.002108015430704589,-0.013456416615766154,0.002280178632922541,0.0029036488969550415,-0.02039781609643547
2017-04-03,0.0002782481532687154,0.005292550298656713,-0.0036496537628364677,-0.004718070682669247,0.010035954463922227,0.0007313255587317066
2017-04-04,0.007418701688104764,0.0022597345773738855,0.003327186928373306,0.0027423233032387974,-0.005439121162903094,0.0036486953764080384
2017-04-05,-0.0051937829160017745,0.0,-0.012911367695928827,-0.0025895638342978916,0.003053016617216551,0.001940755799063782
2017-04-06,-0.0025031669253717044,-0.003685116697841802,0.003359285889132361,0.002589563834297904,-0.0014837951005267568,0.00579902025132241
2017-04-07,-0.00222969655123669,0.002346621760815808,-0.0034749559381068136,-0.0007608990393319206,-0.004051305127170817,-0.0030163087457038325
2017-04-10,-0.0011868104970280792,0.0,-0.003487073376679785,-0.0022868845914552237,0.0046281130115436485,0.004460892590028613
2017-04-11,-0.010815084834113704,0.014378002485395934,-0.0017482192214176176,-0.0007628363209759447,0.009438502165637831,-0.003494719074538903
2017-04-12,0.0011998240891341713,0.006825356086692966,-0.0038565594440217,-0.0038253255650215028,0.005457839324004311,0.0015685977972940014
2017-04-13,-0.005302855895502074,0.0047420728437496,-0.011778747427732328,-0.00430187145986308,0.0030826843658956484,-0.015547882720713073
2017-04-17,0.005514576896355132,-0.0029407031136137306,0.017150554505983386,0.008127197024884503,-0.003082684365895649,-0.0013477852268371825
2017-04-18,-0.004451847075617127,0.004733558474010278,-0.008186359006909881,-0.001375617701354765,0.01299561050153749,-0.006517547733851116
2017-04-19,-0.003689539089422958,-0.008914361418128501,-0.008253815302058477,-0.005367167471037324,-0.005467993702076507,-0.006933572422790074
2017-04-20,0.012432945407363668,0.001887609614885789,0.012823335656829237,0.0070480924893579116,-0.003878258393833438,0.006439898422498152
2017-04-21,-0.0011938507173850446,0.002865670925194773,-0.012113005218744448,0.01364685656874642,0.0,-0.00395762936222906
2017-04-24,0.009583299878293827,-0.006809117727285548,0.03465046485624241,0.016874781990236978,-0.004949680358411664,0.005191497215164044
2017-04-25,0.006176441026582516,-0.010176758825308857,0.008648739657436037,0.005758966026391242,-0.012112524483024441,0.007614912374561029
2017-04-26,-0.00589815418883218,0.004894417227160271,0.0019238574126494662,-0.0013261662162280267,0.0055016253092526795,-0.004045927373861397
2017-04-27,0.0007656346680252924,-0.003730858335881937,-0.009316515657948011,0.00646565222408216,-0.000327877775024489,-0.0017216945645330281
2017-04-28,-0.0009745146128861223,0.003151414614046289,-0.006986725842289081,0.0027794347009146535,0.002209163590198052,0.004788112595467786
2017-05-01,0.020191545178659114,-0.009149943206636764,0.0006890475702187349,0.013781308541689963,-0.008347698294529571,0.005009133129453214
2017-05-02,0.0063247763549708355,-0.00016711217732273407,-0.006452610628421123,-0.0015864033426959954,0.005107519165366049,-0.00012198020150266265
2017-05-03,-0.003055521833737399,-0.014055680078894415,0.005763563058202345,-0.0031792175047605353,0.0006571131628850823,0.007890605259717649
2017-05-04,-0.0036104103027473767,-0.010137688898777003,0.0011487370673281502,-0.003916514465772241,-0.004939381904306173,-0.012900143060108324
2017-05-05,0.016448065040969233,0.0018819613581217375,-0.0011487370673282178,0.0027576527089994323,0.0009073539519436864,0.004643714846755724
2017-05-08,0.02682519364721437,-0.0022245229386793674,0.0011487370673281502,-0.0008696463881423917,-0.005456036423834398,0.010551220829332828
2017-05-09,0.006384205886633825,-0.006013737531638919,-0.004026587689215124,0.0014492146129211061,-8.275899537846925e-05,-0.007021831690044275
2017-05-10,-0.00475172183197375,-8.619187440805963e-05,0.0078084581149936395,0.003903004934662519,-0.0011620571055127784,0.004527653378403299
2017-05-11,0.00861093700457533,0.003956305862795571,-0.0030931729076075446,-0.012339399096901977,0.0,0.00850939123320203
2017-05-12,0.013869005906021598,0.0028286293961141936,-0.002757309000099291,-0.0011693630706910672,0.007525308147270163,-0.0007263983316989136
2017-05-15,-0.002565841729346619,0.00264989304932151,0.004820340370264015,0.0007307426839325136,-0.002722683910714486,0.0030240874256609873
2017-05-16,-0.0014780236374913062,0.004344332691827055,0.003086259886625334,0.019935409857171404,0.00371102355419839,-0.003024087425660882
2017-05-17,-0.034152187811302845,0.018026089242991115,-0.03886896415106206,-0.02819975946682698,0.014461328921413955,-0.006806833824978854
2017-05-18,0.015126592723940626,-0.008214659464641129,-0.003685207262723823,0.003402709310164849,0.0011345883306875396,-0.002931889061527038
2017-05-19,0.0034027084020479526,0.0049536558166890015,0.009719000185217513,-0.00029539087694687463,0.0023467973145325336,0.002199790688291436
2017-05-22,0.00605761038291949,0.004178861021674379,-0.0009441998574274853,0.011165063782950287,-0.0027516149062897658,0.004384299778407471
2017-05-23,-0.0012341567000174682,-0.006358807682167539,0.012437555858625248,0.003354509236702413,-0.006750812363741987,0.0035176260424164586
2017-05-24,-0.0029960106089113817,0.003937188086656905,-0.0005834020276933907,0.0013096776966470024,0.005615062659204464,-0.003517626042416514
2017-05-25,0.00345079855600441,-0.0010874337201151904,-0.004209041806485791,0.01228393650655382,0.0003243754621764658,-0.0065840904666989485
2017-05-26,-0.0016914312218948466,0.008832634206008617,0.00011679482605456888,0.004871692980933982,0.001702472585995192,-0.002449297466249269
2017-05-30,0.0003906335796186975,-0.0033239313084347183,-0.01725177705108146,0.006411951383250377,0.004927819277176296,-0.00553324607508866
2017-05-31,-0.005939615145792274,0.003987406451696997,-0.02107848096760134,-0.008128455440699081,0.002494648867640619,-0.007425774550462657
2017-06-01,0.0027461985619155983,0.0008286937780719529,0.011016445938442056,0.0037157439604345276,0.0001054208930126174,0.0024813438282228558
2017-06-02,0.014710383663502436,0.007345383440385594,-0.005069589323821094,0.023404465730380304,0.011770565871362599,-0.01498140893698415
2017-06-05,-0.009826515750725474,0.0009862969865506888,0.00181352766340155,0.0072204437560552635,-0.006228363079826891,0.007768684353794553
2017-06-06,0.00337256637450198,0.011191515796581182,0.0020510700152140686,0.003314698417931984,0.005432448467908743,0.013512177719643852
2017-06-07,0.005938719866199772,-0.005294262319270497,0.011386068815652158,-0.0017943822803799623,-0.004791753359770265,-0.003700447352661644
2017-06-08,-0.0024485100410056725,-0.006554676702975053,0.012318115830548794,-0.006096463486042918,-0.0026454305884691955,-0.0035908463045005597
2017-06-09,-0.03954862461859117,-0.009166426122606205,0.023385470815087205,-0.022915084588628447,-0.0015260971609800133,0.018556487957675352
2017-06-12,-0.024186440600085433,-0.0014943988172197275,0.0002302458080173606,-0.007708809727013699,-0.0003217510189817467,0.009693744963766274
2017-06-13,0.008014212973825405,0.0009965350816834196,0.003328383629363,0.012390545380551073,0.000161119703653847,0.00036166844696500005
2017-06-14,-0.00980322688880079,-0.005493177805750778,-0.002064577445276358,-0.00539330913724607,0.015318864018853759,-0.010785990403426012
2017-06-15,-0.006011244500372356,-0.00418165701990386,-0.005989093289566017,-0.005279197722778053,-0.0015851743772431549,0.00231231247195101
2017-06-16,-0.014098701744771647,0.00016757431865917162,-0.004515003636513294,0.0014297468021801508,0.001980753159615209,0.01484188110637263
2017-06-19,0.02820596663108598,-0.00765446009733337,0.021693533439174413,0.012352139096371716,-0.001425713247027664,-0.008782206942202539
2017-06-20,-0.009129679903824097,-0.0021131828104241023,-0.0062642421238754496,-0.013638669335230615,0.008916498800205426,-0.0054521946961135475
2017-06-21,0.0059130840210579955,0.002872805881766109,-0.004580967366226833,0.005135981159456711,0.0020404971896751433,-0.01062610501310191
2017-06-22,-0.0016468951434729564,0.0033692883509404193,-0.001148362766347746,-0.00014188638479014948,0.0021920505906374292,-0.0044297472015902735
2017-06-23,0.004453735795131415,0.004279445503073095,-0.0018402826142061574,0.013430250126027055,-0.0004692993475508082,0.006515106578869045
2017-06-26,-0.003149823378166193,-0.00899959554685728,0.0043650302999012625,-0.009594958168606917,0.003749363731005834,-0.004544129414446738
2017-06-27,-0.014436609981933824,0.003794725232620457,0.009242192140102171,-0.018892846177697546,-0.010738866862334974,-0.0016011963400140593
2017-06-28,0.014505711109097564,0.000757258608664271,0.019902729726261358,0.008488509015526412,-0.0033150822795290007,0.005164962655767221
2017-06-29,-0.014853458846460173,-0.004890000706728738,0.014698937293854202,-0.018946335569412484,-0.008416568992612427,-0.01023275364976351
2017-06-30,0.0023637847722710365,-0.002538742638049931,0.002738909608702755,0.006403585706286442,-0.0023151042023816697,0.00037166068307842325
2017-07-03,-0.0036173650632115605,-0.01648835238074312,0.020147256486937305,-0.011086826022760392,-0.0032249763616490307,0.016827935654968627
2017-07-05,0.004102915061785583,0.0036971824767883434,0.009977467631200134,0.013261211506261203,0.00024090084425656342,-0.015342603373691716
2017-07-06,-0.009483072077765924,-0.0004291636859008885,-0.0032076738738916694,-0.007410412026947859,-0.008308219200351004,-0.009069717547544872
2017-07-07,0.010107606081567024,-0.010269798493159019,0.005020697105626271,0.012896251165209907,-0.006011795406564729,0.0012472207192334227
2017-07-10,0.006084720144939116,0.0016468254331296226,-0.007057456116187236,0.007458100269015866,0.0014655469244223996,-0.0007486072480952985
2017-07-11,0.0032348675671496005,0.0012982088742114774,-0.0038703193096940973,0.00014311272720509246,0.0017070038696921164,0.005474174059938652
2017-07-12,0.0014426498031130496,0.0035397924292921755,-0.003453374700039494,0.016437759873740188,0.0068809231922477235,0.004456693462151257
2017-07-13,0.013832282254698002,-0.0018115086761426493,0.006357414998030579,0.008676175142642718,-0.006312258113691395,0.00012336589530166045
2017-07-14,0.0085578632359022,0.008168900176639902,-0.009172005736095043,0.013974831426374977,0.0012172806900039457,0.0038214339288651393
2017-07-17,0.0034828073688824013,0.004443348999716993,-0.009366017360991685,0.0078012060052211705,0.0027527211730008086,-0.005180752247183368
2017-07-18,0.003470828861052389,0.006966890452323187,-0.0035075698548276087,-0.0006818262485135192,0.008695071618082353,-0.003220741039134633
2017-07-19,0.006244028460532537,-0.0002540224323477312,0.0014262052922630983,0.007610708945574411,0.00040112393453727816,0.00309693001646799
2017-07-20,-0.004512848190053469,0.00135406277392805,0.0,0.004862204193279781,0.0028798204967198484,0.00012381102266661502
2017-07-21,-0.00046612409385947157,0.008589562474350264,-0.003404646551602376,-0.0058106367395925375,0.004226025946974349,-0.009193528570211468
2017-07-24,0.012038916675634415,0.0004191258176561492,0.004281494586359143,-0.00257759156458597,-0.003906226066818443,-0.0031254709073374105
2017-07-25,0.004264643987055564,-0.003274144692464548,0.016515261237936472,0.00798398401607879,-0.013104321019379996,0.004995544565232501
2017-07-26,0.004702537460988074,0.008040236804836134,-0.009419022233719859,-0.0018887502319371997,0.0016169754653641716,0.001245170919654862
2017-07-27,-0.019078044950608466,-0.0007510021513585564,-0.004142436097587917,-0.012091623591992019,-0.004940903881706523,0.005707151650326312
2017-07-28,-0.007065418534873551,0.00748507747253413,-0.0029538029066286924,-0.001641419721597416,0.005909835634615542,-0.015334209390921878
2017-07-31,-0.005163673542983281,0.0004969976741389874,0.005680743492688838,-0.004666181130045096,0.001209923090267943,0.0055123691469654
2017-08-01,0.008836286362218193,-0.0008284878144892227,0.013309805083302666,-0.0016519299238691996,0.0069969662184023946,0.0016229342013414946
2017-08-02,0.04616817324829704,-0.0020742591700593687,0.0008595040867578033,-0.0044185729888284765,0.0005610042475157021,0.0053492973458156455
2017-08-03,-0.010041074594855532,0.0015767861990997622,-0.006573035167369795,-0.0015238658896651756,0.010291144137148206,-0.001366050080558451
2017-08-04,0.005257106541540485,-0.007825504639997654,0.012462606930987856,0.007319255803671591,-0.008528243639647414,-0.0034843854559509025
2017-08-07,0.015355590566824924,-0.0011707593535363761,0.0038362908623544804,-0.003859897626476686,0.0011197787367518816,-0.000623738523429342
2017-08-08,0.007965000532467216,0.0029243323685439523,-0.0036226637676715838,0.005371968204060728,-0.0036046301765477093,-0.002498010697737046
2017-08-09,0.006103363704964392,0.012024832535234332,-0.0016025507910371248,-0.004405451569400218,0.005441554337879472,0.0031217492211664997
2017-08-10,-0.032370064954959546,0.007391636301004261,-0.014430814331934964,-0.014734779204832484,0.00850354989209609,-0.005933866588980677
2017-08-11,0.013810990886122603,0.004734717669981235,-0.008387458942067334,0.01514838452453377,0.00047509685240505853,-0.009670400436332598
2017-08-14,0.014937321755555136,-0.007110509708619983,0.01163667776130956,0.014922900521828843,-0.005154871082205538,0.0002557774925778897
2017-08-15,0.01088835645728919,-0.007739806493235807,0.002591321235256203,0.00027273616202435426,-0.00422235608113284,-0.002431820316786183
2017-08-16,-0.004030301041712412,0.007329654945785988,-0.006926101623506727,0.005855585646573608,0.0036660496709592836,-0.007331074414794651
2017-08-17,-0.01938531985479119,0.005074451187161252,-0.01575998514841994,-0.017117640966271094,0.007449436376780993,-0.01574202496281612
2017-08-18,-0.002283007192716465,-0.0015523089133794997,0.0009922763971970548,0.0012420568458188096,-0.00023703224880431973,0.0049706287760075876
2017-08-21,-0.0018428726844200805,0.003754179507042542,-0.001213044850397799,-0.004701191435764217,0.002445349425743716,-0.003398557303962733
2017-08-22,0.016215142575139826,-0.004490378194735464,0.010209356222941803,0.013901618616286299,-0.003867968919445564,0.004702452884334755
2017-08-23,0.001250997906702207,0.0037569391595081193,0.0012006266468985113,-0.006032368638913935,0.006778977309938483,-0.0016954032594014702
2017-08-24,-0.004448118540773915,-0.003102527430184758,-0.0016379268474073121,-0.00041257650250004077,-0.0036989129419823063,-0.0036615305998970718
2017-08-25,0.003697707611895708,0.0036729988686282277,0.004035176098244412,0.0017866797681904468,0.0038560215735498476,0.00509618941797578
2017-08-28,0.01002102967920071,0.01576239703186927,-0.003161079668014348,0.0001373752177268266,-0.0006288828131462319,-0.0032636030789791174
2017-08-29,0.008878251691414577,-0.002167752218151974,-0.005473609231834325,0.003016348735918316,0.003217281374861934,-0.0002618829778508795
2017-08-30,0.002697265619911883,-0.0004823342716563527,0.002302400838222627,0.013056088877093806,-0.0003132798593929948,-0.004588654339655367
2017-08-31,0.0039714043147049995,0.011671721617894353,-0.004610009872859441,0.010216363924958418,0.002973173241564695,0.003017950978509785
2017-09-01,0.0003046717200758342,0.0019056530015576626,0.008872374858871497,-0.011162703012041095,-0.0076784738688698935,0.00313930598078332
2017-09-05,-0.012080715727686304,0.011044617985341777,-0.024171846252722545,-0.004473091685665608,0.015733846945442914,0.007934713887852798
2017-09-06,-0.0010495910752623483,-0.005112698708954078,0.006680245085922373,-0.0028569453427113424,-0.006154517372785896,0.020518856195530597
2017-09-07,-0.004022974133851849,0.010355527635419215,-0.017689505393635174,0.01272545760541198,0.010184679401930371,0.0031685514430042166
2017-09-08,-0.016443362045169163,-0.0012495406412696415,-0.001243345329775555,-0.004854690619014414,-0.0021683982957708477,-0.002660902423979539
2017-09-11,0.01793070770262639,-0.014007143976598416,0.015375685585006753,0.010488273964084553,-0.012010264042075591,0.0054409077455218665
2017-09-12,-0.003971012292402426,0.0029277577169540335,0.01217639144633257,-0.0010710181737304332,-0.00526998829995295,0.0031495791655121353
2017-09-13,-0.007550481493709988,-0.00753461117057727,0.002856540202318016,0.007072178242267718,-0.003951333158502906,0.003390251067004132
2017-09-14,-0.008618329898387725,0.004369098124020519,-0.0019767030372747525,-0.00586746097860154,0.004109125307048088,0.004003712842308376
2017-09-15,0.010057987919823435,-0.005006207576558888,0.007119707690511429,0.0071963230210392295,0.00039414616466952525,-0.00025004463603781144
2017-09-18,-0.0075970416850459025,-0.009364174007229185,0.014089125727777879,-0.001993512162561465,-0.005771057080653431,0.00025004463603768443
2017-09-19,0.0003783474276743221,0.002088539057238403,0.01091755764531207,0.0037181981181174835,-0.0024608137833989213,0.0016218649013645277
2017-09-20,-0.016899942971891287,-0.008056762706663206,0.007001206099588861,-0.006649853896106612,0.0007152637808796257,0.004104874383949422
2017-09-21,-0.017320905509770553,-0.007633024715442955,0.004535056939064782,-0.009788890153251337,-0.0005560280936677513,-0.00822715464603713
2017-09-22,-0.009827108459640941,0.0045543146609353605,-0.002107012017620598,0.0026911417685875007,0.002856479266580478,0.00037550625613986513
2017-09-25,-0.00886136285125159,0.01041298453601274,-0.007514983295290944,-0.01557524571843504,0.0062406446413143,0.013176148314953664
2017-09-26,0.01705699141487648,-0.011224726404076811,-0.004472678065754975,0.0,-0.0018129364728498157,-0.0011123883666025105
2017-09-27,0.00709239993549742,-0.009464790137827282,0.015671848459755756,0.008021225938989351,-0.015182717499678765,0.006653799261665479
2017-09-28,-0.0061783110443314835,0.0018837445698112896,0.0020990715166485257,0.00027056171858976587,-0.0029678509672539234,0.009289841848390533
2017-09-29,0.0054649344398888106,-0.0051683715774128456,0.0013623025246152398,0.008358024513576335,0.0022468939595378917,-0.0025581957172156047
2017-10-02,-0.002013408855273553,-0.006684614889873803,0.013829004283759638,0.0016097994671910977,-0.0018329773409523076,-0.004278460539365682
2017-10-03,0.004346744518592425,0.0004967317019956395,0.005252639140380943,-0.00470190264758019,0.0009650632582450026,0.0015912238651437924
2017-10-04,-0.006494256963771694,0.0028098889387879367,-0.010221817504519037,0.005773813223465897,8.055824575698937e-05,0.00036685143383359737
2017-10-05,0.012367641608174728,-0.005378816723625571,0.01337556421243237,0.01699228377357044,-0.0037849081443988688,0.0028081557667921867
2017-10-06,-0.000579514855907828,0.0047183541150492775,-0.0017521707033504711,0.0003947670053703198,-0.002828127925773112,-0.0037866801894160056
2017-10-09,0.003471118169261672,0.008142542011554031,-0.0052760918374333355,0.003808541562056954,0.0031507505884641853,0.003908704084796923
2017-10-10,0.0003852167232531464,0.002617800009600174,0.007440333749076404,0.0,0.0016120132939206288,0.002799815931586892
2017-10-11,0.004160686410873152,0.003181204083906338,-0.0029903408819109754,0.001702440856066372,0.0019309767879016088,0.004124730290247759
2017-10-12,-0.0035193723471133444,0.0008140547013934963,-0.008815799915323169,0.009118264556310245,0.004249939040792467,-0.0020602721445053033
2017-10-13,0.006326062734023157,0.007539254296557061,-0.0013553299891211916,0.004786170293432714,0.007177580929659498,-0.00024267614724726106
2017-10-16,0.01824108216188306,-0.006888462515220647,0.020444756209451114,0.0020629059047840774,-0.000715141800796827,0.004842033511613463
2017-10-17,0.003683218350783467,-0.006854404417199568,-0.0022509451839178257,-0.0007735477569721065,0.0012712867120639522,0.00180976019629085
2017-10-18,-0.004433996704839832,-0.0037735819439878113,0.0037830713941586686,0.000258273814866797,-0.006613511546801801,-0.0024140104657457847
2017-10-19,-0.023944847985680088,0.005900215657301968,0.0012235871996820209,0.00385767031688612,0.0017572307813399609,-0.00024144007346936928
2017-10-20,0.0017296556729599801,-0.006393454395473306,0.01416892224706349,0.011485786375901207,-0.010670374198079232,0.0044617410351423786
2017-10-23,-0.0005121554887888715,0.0015611723194451613,-0.001709713715004287,0.00025385304097315104,0.0017727196303875808,0.001562910315463242
2017-10-24,0.005937383397524928,-0.0038662591759729935,0.015779859710644203,0.0003803416194508934,-0.006218971029661004,0.0027596396971449662
2017-10-25,-0.004401807685681082,0.0001647984431062872,0.0009899487071579963,-0.0029208223116059403,-0.004791233164736192,-0.0036006927402670386
2017-10-26,0.0063731965821170475,-0.008440935931398883,0.007102655436563928,0.0016520305326405077,-0.0033433508807610654,0.0036006927402671236
2017-10-27,0.03520297583132016,0.0047257865747334146,0.00029452541306482943,0.0621468197263903,0.0065943217006207465,0.0028708903277782044
2017-10-30,0.022259095173804623,0.0019005561122998722,-0.0035436014104096502,0.0009542015341866536,0.009529503825972188,-0.0020326595936111655
2017-10-31,0.013819297661316551,-0.0038047944426046506,-0.007919876615320192,-0.00849948701181776,0.00032107254704410326,-0.002276939085414044
2017-11-01,-0.012800266646261034,0.0036396966611634005,0.003076348468943189,0.0,0.004442849958995858,0.006219199563999586
2017-11-02,0.0072833268059823595,0.0006603535530684753,0.00661671154169883,0.010405063724396377,0.0043990424405509765,-0.004062012187317188
2017-11-03,0.02577885900977116,-0.004714451332297588,-0.001773183395321945,0.001070088938123496,0.002709314446412357,-0.004198835002826593
2017-11-06,0.010093611262243514,0.008502950979344039,-0.006232197813667572,0.003914483763878578,0.0037344198713843407,0.006829270209897502
2017-11-07,0.003208960410037374,-0.0036235108435323914,-0.020347778607997417,-0.0023706536355496063,0.004194004000582017,-0.0020320192739408773
2017-11-08,0.008146930968864733,0.003459056119704665,-0.01130463219316066,0.003435720517457113,-0.002213662820045771,-0.0013168949585656462
2017-11-09,-0.0020448555784901255,0.004102401645100611,-0.00010251247981706843,-0.005573936173282697,-0.002853109959789903,0.005972250067119651
2017-11-10,-0.003315293283673468,-0.008221702339946372,-0.0012296067538057917,-0.002619819713410387,-0.015194095140470484,-0.0031300086507145136
2017-11-13,-0.004015385913426953,0.0014849063034307734,0.003582798408408529,0.0007151501382218059,0.0020929567104687676,-0.0006029448955119045
2017-11-14,-0.01523289597557731,0.002058715307154061,-0.006047142782930123,0.0014289661645618405,0.006731716128006512,-0.007872683636967666
2017-11-15,-0.013277920170826497,-0.001234670245587114,0.009413885455972156,-0.007802927256200252,0.010803716487841578,-0.012603818530654199
2017-11-16,0.011876221978412371,-8.238652462762423e-05,0.002847262469800747,0.002647728428711802,-0.008729280375738677,-0.008035728655490704
2017-11-17,-0.005567646564533423,0.011954609509226865,-0.0033565736613804255,-0.009661693113695972,0.007385801077450166,-0.003980067656899318
2017-11-20,-0.0009999398379059044,-0.012696268046166225,0.00882569440724916,0.0015765744449822456,-0.0003960811074203536,0.00385565901600556
2017-11-21,0.018419952743093555,0.001647348843739489,-0.000808461777198075,0.014315955143170755,0.0031611205964446752,0.003965189834190782
2017-11-22,0.010456727378140709,0.009175087875408043,-0.0029356598332532188,-0.007313001184604084,0.003229889646753952,0.0028398229478847634
2017-11-24,5.744103183924335e-05,-0.0025311102507151856,-0.0032492652129244228,0.0018029577971028434,-0.0027566346273065084,0.003938080929998538
2017-11-27,-0.005042594996992962,0.004160741332319787,-0.0039746396115981405,0.00729997490191536,-0.0014202876292293898,-0.0038145837794484726
2017-11-28,-0.005876287352522123,-0.00016287471547679085,0.0344257881970184,0.01197014948260911,0.0013415645416153213,0.006880027614356845
2017-11-29,-0.0209610008987589,-0.006289558392421287,0.02311280572153096,-0.018309642151628905,-0.00990780390151522,0.007320261811969011
2017-11-30,0.013887171393910484,-0.007732229391441411,0.007586910828807765,0.009909772712158146,-0.0033513811286968297,0.012321646897056018
2017-12-01,-0.0046662257235692076,0.0040380612309282235,0.0025798193101274017,0.0010690362666653942,0.013404353961831341,0.002039059488359879
2017-12-04,-0.007334543439893664,-0.003377653154607993,0.02040329164951661,-0.03847116853413289,0.00047412155994282196,0.0013173574225343763
2017-12-05,-0.0009428523207535181,-0.007122188370048705,-0.011567528082574656,0.006270627800976412,0.00496363533980683,-0.008170223702895416
2017-12-06,-0.00372037558952481,-0.002079954164184071,-0.007500561017594369,0.014479603527569392,0.0034523936588396775,-0.007386633984338378
2017-12-07,0.0018322884417148987,-0.013246352701112026,-0.0029586998890581404,-0.0035093561783420602,-0.007863270803117627,0.003276219545991965
2017-12-08,0.0002953899613805263,-8.43525069872456e-05,0.012443801777895376,0.02004288661083733,7.907932534962369e-05,0.0013316701468001641
2017-12-11,0.019296532832035057,-0.003974813553107367,-0.0029308179305185442,0.012633564803819672,-0.0020544277382254536,0.004466193960660568
2017-12-12,-0.005633468626691874,0.0011856318079057743,0.011578238449531496,0.0040981675557469795,-0.00039559829438576315,-0.0032573814737498043
2017-12-13,0.0033139207294484514,0.008596013189973703,-0.01262035849558411,-0.0026911081895290823,0.007488918269471991,0.004340843719311521
2017-12-14,-0.00029022757440365203,-0.002015942432484809,-0.008088717965704569,-0.007762903537134002,0.004232098936158454,-0.002650678677977077
2017-12-15,0.010110332581978215,0.00209987057429634,0.014042176743291604,0.02518491425089787,0.0037467899173990594,0.0015672164324153492
2017-12-18,0.01398479591394921,0.004604277886820867,0.00769586841964563,-0.005426267004238446,-0.009157905648572454,-0.0010845047736023237
2017-12-19,-0.010713671788881897,0.0007513783425439744,-0.004215941451166642,-0.006387511170861674,-0.013058448874157405,-0.0060464048704383455
2017-12-20,-0.0010890305143444402,0.0026671102328525206,-0.0034799269684788687,-0.00361837033058009,-0.011134710725363811,0.005201954516734718
2017-12-21,0.0037779958639372092,0.0014140004111240193,0.015796642774832566,-0.00023389032028193145,0.0058114443363059595,0.011756524623594191
2017-12-22,0.0,0.005222850279184247,-0.0035300459452412623,0.00011680648370751048,0.0013637116860669143,0.0014301970620195484
2017-12-26,-0.02569702266595798,0.006839416919106556,-0.004009967094775041,-0.0012870793597429472,0.002960790434046977,0.00011907989377572158
2017-12-27,0.00017617476505817097,0.0037705513021491182,0.0018672022792202935,0.003623155131552308,0.01294150430369872,-0.0009532331044991433
2017-12-28,0.002809061048772588,0.0050595432932777126,0.005301989443710693,0.00011661711097857011,-0.0008682785395875991,0.0014290836029175731
2017-12-29,-0.010872531185477118,0.006490919761210391,-0.007916943376768822,-0.0021018703934761046,0.0015776877937378603,-0.0045326088608707606
2018-01-02,0.01774634954449612,0.012058023762451863,0.009400283976232462,0.004781765010382201,-0.010858028046276749,0.01648201951091284
2018-01-03,-0.0001743823945533052,-0.0026403330092135157,0.0010181373504376974,0.004642967532743937,0.004770019835316634,0.019449747553150896
2018-01-04,0.004634236495312466,0.005114278310262769,0.014224287912637572,0.008763057350109828,-0.00015850721164183815,0.0013832163152472702
2018-01-05,0.011321244936727376,-0.001036702137934486,-0.006440260494513138,0.01232167687295691,-0.0028595391370345026,-0.0008068867019347661
2018-01-08,-0.0037211264083156083,-0.0001596255390370604,0.0014755737754942185,0.0010199546356223783,-0.0006367740486552432,0.004486115878438965
2018-01-09,-0.00011529393706808121,-0.004639219643041588,0.005056170323245603,-0.0006800735568704975,-0.013463049565429116,-0.004255157201422398
2018-01-10,-0.00022903897505240602,0.002402270692406848,0.010944020382840293,-0.004544138888497889,-0.0012107663330030154,-0.00798433286508812
2018-01-11,0.005664017276024015,0.003273877321212141,0.005337295241627835,0.002956221704316378,0.004111079265915741,0.00982666769532713
2018-01-12,0.010273521385663065,0.012044492942167013,0.016375370295023423,0.017109888194271654,0.0016877007922317519,0.006763961578747228
2018-01-16,-0.0050950463595586595,0.001652690627169873,-0.0035562268506380357,-0.01404914065361437,0.004167538015860111,-0.00630400259371553
2018-01-17,0.016381377050555833,-0.008132363237354055,0.00639219752960279,0.02005773426126858,-0.0013606140279962499,0.011773271230355892
2018-01-18,0.0008928005880206449,-0.002222213448585594,0.0023871523709773196,-0.00044403596647657787,-0.00933265426544491,-0.006498106816309686
2018-01-19,-0.004472908023000485,0.0044394996120163946,-0.0022096694074754887,-0.001110123762768476,-0.005268803643471376,-0.003207994614438524
2018-01-22,-0.008214634922163034,0.0018177059354296304,0.011612547623980408,0.01773086588552232,0.0009752128875345906,0.012543095203405201
2018-01-23,0.00022599265252010333,0.004961985943158682,-0.001050251709675498,0.0031604512230642354,0.004293590755936749,0.0005665214167254694
2018-01-24,-0.01605650822984168,0.012104345577545294,0.012702487343624681,-0.0008708888103833678,-0.005430906854272401,0.0026011146802968513
2018-01-25,-0.01801241982210962,-0.006697849027902464,0.00025943301904702686,0.0055389210629166125,0.008175520503828467,-0.0018087600233824145
2018-01-26,0.002334873448590974,0.0007811756386790387,0.005344165298636618,0.018563681108756214,-0.003715416956197968,0.007103884158217135
2018-01-29,-0.020915855746826632,-0.005637857183470335,-0.001032193633742549,-0.0014897826455206663,-0.006982805965730383,-0.011186189584443621
2018-01-30,-0.005911498674625319,-0.004328123373076199,-0.009424416015977757,-0.012643456888076415,-0.005883757540457028,-0.01407401873551298
2018-01-31,0.0027508749789160137,0.00668108957049156,0.004853011332036885,0.02418253737194236,0.005883757540457134,0.005974124663220681
2018-02-01,0.002088516507674947,0.0032848909860550284,0.010320813492914012,-0.007925080780417253,-0.014598636383571272,0.020072208777968625
2018-02-02,-0.04435978403948661,-0.013204686797240324,-0.022410657737950868,-0.02666263860017099,-0.009322278237316154,-0.05231608849863856
2018-02-05,-0.025301741834972136,0.0025286437555192493,-0.04914006649018149,-0.04205760722418399,0.009404928075543731,-0.05858599851946415
2018-02-06,0.040942059345412916,-0.01055189964568088,0.029969121085340035,0.03714248289916579,-0.006232549514851329,-0.017334766502631233
2018-02-07,-0.021639860442504013,-0.004716772083453343,0.006756311493686144,-0.01901245663941631,-0.009548599230737736,-0.018159949046900502
2018-02-08,-0.0279019947453194,0.001521419504394612,-0.04521723415296018,-0.052698024168855634,-0.0010947111116146521,-0.011371555125879822
2018-02-09,0.012157026465185974,-0.0016817358427458674,0.01982446576450278,0.036611265439949504,-0.006339118458677407,0.006354005429431223
2018-02-12,0.039489073043583026,0.0047973715177869495,0.01533064057934972,0.01071582569677367,0.00439933231470313,0.008409830301522146
2018-02-13,0.009967685881852725,0.005647253596785453,0.006156268557007507,0.007822910611799334,0.0044643037655795114,-0.0015710996256434989
2018-02-14,0.018269466256113837,0.016908852519764296,0.022861807112854047,0.015537326267064526,-0.011155479567364275,0.0020946312436316704
2018-02-15,0.03302689319109646,0.0011691607653979673,0.004164485715450249,0.02016714759149405,0.0033936720352589927,-0.0032747565532613913
2018-02-16,-0.003242368372548796,-0.0032769459911664296,-0.007211681489577111,-0.0071480435069693395,0.005405778916037933,0.0043206425714493926
2018-02-20,-0.003369303874696426,-0.013532867750937797,0.0002615899991995048,0.0077954524819082525,-0.004389966933488396,-0.010375286991850818
2018-02-21,-0.004549174940801539,-0.004604964057785746,0.004175832248722899,-0.013354584621932982,-0.012344482019600651,-0.01141807864874657
2018-02-22,0.008324456055120001,0.005080177401414419,-0.0018247608044086295,0.0026197163236199926,0.0029934566547701325,0.012869096813730444
2018-02-23,0.01724163201060066,-0.0012676571223934087,0.020061951639900794,0.025083271369509996,0.008843567644843058,0.021775516146642873
2018-02-26,0.01957917572392787,0.0024545525850455277,0.012368879572917667,0.014355374516499075,0.0003384667488734739,0.016755752693443017
2018-02-27,-0.003245799542878728,-0.010493774054732095,-0.011942813158563858,-0.012868096362594483,-0.0014394952826239837,-0.017142850682427612
2018-02-28,-0.0015149191829558332,-0.0010394376248337527,-0.015975774018956064,-0.004574758456958284,0.0063351872465072755,-0.022971340429051367
2018-03-01,-0.017671234673073858,-0.0022425027652310265,-0.018084655427873974,-0.009859935957550305,0.006802783391482095,-0.0071552271746155565
2018-03-02,0.006890382426939289,0.005357640797750739,-0.000970219651195861,0.0021516686747202625,-0.008162327391710656,0.004643287416325441
2018-03-05,0.0034556351948765844,-0.0016761714003699012,0.015238041678002932,0.006320683081977305,-0.002707025499761444,0.009485060073331721
2018-03-06,-0.0008488325162382688,0.010726720619181963,0.0008686863272871203,-0.0034231707145428816,0.000931354347853082,-0.0011803757021973172
2018-03-07,-0.009325888851346513,-0.006422202914569186,-0.0037408405280869345,0.005769871018021398,-0.0011011906953923836,-0.025526749411832406
2018-03-08,0.010853415684873085,-0.002389131123572836,8.711137771496292e-05,0.006054648203357115,0.005745867522860353,-0.0018869778698748728
2018-03-09,0.017034536833231126,0.000956349666608725,0.028354987079927937,0.02209836656608543,-0.006593407140066397,0.0059185410976060095
2018-03-12,0.00962170435486613,0.0,-0.0032244223550565707,0.0023797869782875795,0.005750328695141492,0.009079020014429392
2018-03-13,-0.009676868960836289,0.001909899228192024,-0.012056083761658265,-0.024689944179891163,0.00504665750550204,-0.009481175415002267
2018-03-14,-0.008538058925684764,-0.0006362480921955626,-0.011245906580918256,-0.005949390382707752,0.008770806953374087,-0.01255681810991653
2018-03-15,0.0011763668760537776,-0.0063846619697597,0.002519724865327881,0.0035100426244860624,0.0,0.011079741259871701
2018-03-16,-0.003532349021128268,-0.002404835241203122,0.0017341538836246197,0.004449550062061338,-0.0035823345381587202,0.009362348609274774
2018-03-19,-0.015397474109463107,0.0021646240154515875,-0.007914294840855705,-0.018241638763901887,-0.0031767300303016514,-0.012997131073798079
2018-03-20,-0.0003421866724146226,-0.0044947919586221805,0.0009599742457670509,0.0025807279185602375,-0.004027144476838941,-0.002159882589030058
2018-03-21,-0.022915306955773967,0.017305793278473994,0.0008718674638413445,-0.007003985316866678,0.0010924931192796345,0.014091201652681866
2018-03-22,-0.014230286830493207,-0.0039610286020946425,-0.04264293818750903,-0.029518848054144405,0.009860480981324945,-0.02073586848867194
2018-03-23,-0.02342913201336378,0.012855551688487309,-0.027103498983427995,-0.02949875099295144,-0.0007488999048503453,-0.008333952176345206
2018-03-26,0.046379349547788495,0.005236622780197456,0.030372784997809682,0.07297659074666157,-0.0038350006248244494,0.015113495510589409
2018-03-27,-0.025975550648756517,-0.006177451915059315,-0.019590990223865297,-0.04704814301737612,0.010635653516490836,-0.004062281929004683
2018-03-28,-0.011110206291000645,-0.013901136089334824,-0.001572705833874624,-0.0008943401938655439,0.002641196589356555,-0.012149501726635233
2018-03-29,0.007778222243423021,0.0004770798243684067,0.01807628431015012,0.020813050303477586,0.004851954167514593,0.024421239429878575
2018-04-02,-0.006577837306132218,0.01161839746199109,-0.01946584261094184,-0.03059341250678651,0.0019711454504284134,-0.01880565684463156
2018-04-03,0.010206784193045323,-0.0075722010717776825,0.013629137109085218,0.013353302046407807,-0.007742295508937377,0.024285913778898587
2018-04-04,0.018941917619137133,0.0011868954626521053,0.015069299127166591,0.02878730516206415,-0.002069184473968258,-0.0020013532592265647
2018-04-05,0.006910271154960863,-0.005153580456720968,0.013045001669265954,0.0005413154078390138,-0.007485641906942085,0.015243008449266094
2018-04-06,-0.025911246713277387,0.004678991304775993,-0.025253851851157454,-0.023548585481635863,0.010876777282906095,-0.015243008449266092
2018-04-09,0.009869119895142253,0.0033963960355940744,0.011936873819940562,0.005966967567813592,0.0016498107320240115,0.0
2018-04-10,0.018642999472989526,0.002362787969159084,0.018932184792200997,0.02297951662057615,-0.001814988139914552,0.0289606396040044
2018-04-11,-0.00468635817455489,0.007757730797944395,-0.016940596668766676,-0.011042852073943302,0.0035449291194327957,0.004660413864032192
2018-04-12,0.009810233937313942,-0.011698777825105413,0.024555405034096704,0.018551062382587996,-0.0073516371617520825,-0.0027158522945677794
2018-04-13,0.0033824494542514993,0.00653361006986455,-0.02745275220783935,-0.00535732486130309,0.0023189599944331753,0.007996903453434541
2018-04-16,0.006219086625555787,0.0014113245973425364,-0.0008166015653620208,0.01164232221822054,0.00033097455378080896,0.008952560650433936
2018-04-17,0.013670176731689018,0.000939797609092718,0.0,0.019975488424284787,0.0027247809522278916,-0.002677418287316332
2018-04-18,-0.0022469677452211334,0.0007824607184664891,-0.008108150214068105,0.0038442084621598534,-0.00803106640463074,0.011298336873357743
2018-04-19,-0.028749493483888614,-0.001957330849889553,0.02171617869310867,-0.003427988777398216,-0.008179503830727707,0.002521105492195432
2018-04-20,-0.041835005783997126,-0.007630932179694891,-0.0022401468153850114,-0.011616449672098348,-0.007233696371830796,-0.005302316551433137
2018-04-23,-0.002900919351048539,-0.008007927882251619,-0.004855952438513186,0.0036775463611312615,0.0002533141284678868,0.007189257014637984
2018-04-24,-0.01401690244828097,0.004844167468111617,-0.004698901602890904,-0.02366571732386172,-0.004568068108199787,-0.015450826732404692
2018-04-25,0.004348062943704123,-0.006517267321502421,-0.0038110081110944525,-0.00873647526373371,-0.006719773568063598,0.014571085681381667
2018-04-26,0.0034770796341438955,-0.0035146807713917604,0.0009997453425404106,0.020904694857182302,0.006974501275871083,0.016962178283184977
2018-04-27,-0.011637460254071853,0.0042320403061771,-0.0063783357159349465,0.016414617517183566,0.007683375747441534,-0.03870642844081437
2018-04-30,0.017950558510611538,-0.00727744165435215,-0.005683443097258716,-0.02429637938892341,0.0017647404819922958,-0.0005142281508683622
2018-05-01,0.022970126133384693,-0.007088207443339079,0.0,0.015701713241021584,-0.0036080076810002673,-0.010343175560259108
2018-05-02,0.04322714793036689,-0.00048510316641562344,-0.007937221903195174,-0.015808545103399473,-0.001098515222849328,-0.0019507538556335314
2018-05-03,0.0018105314251569162,0.005082068394914099,-0.0063211600725268605,0.0059709579668162606,0.004471225278473531,-0.003391187017210764
2018-05-04,0.03848365890811962,0.0020898820929316714,0.011035728949962726,0.011520151839339998,0.0015139572274539932,0.004692466336191151
2018-05-07,0.007208524891631525,0.00024084765259023235,0.008631816581985072,0.01107785407059309,-0.0015985801301449305,0.010863719052396671
2018-05-08,0.004795432364047717,0.0001605124693187213,0.014703552280664403,-0.0042705370604365425,-0.000926114671396075,0.004491987575424679
2018-05-09,0.007016409245215631,-0.002088981225264128,0.021569275238053603,0.011725370211039603,-0.006000040170401581,0.02328955005701725
2018-05-10,0.014202560432940532,0.006813368242228766,0.007729545210734409,0.00995645895744907,0.008020022062765874,0.02214749072892184
2018-05-11,-0.003810657050444537,-0.0014389666321499815,-0.003769632415528239,-0.0021470911139801515,0.0025191350164883476,0.004686113369724067
2018-05-14,-0.002335898838556057,-0.0040883630684626394,0.0003513537451501092,0.00337187353492346,-0.005297880574353779,0.0067439384562031504
2018-05-15,-0.009129979343313223,-0.016277595476396185,-0.007667383482235496,-0.007268976617173732,-0.011447731864148054,-0.0004890682346338743
2018-05-16,0.009289637217183812,-0.0015524980696371136,0.002739068861817578,0.0025767107642280934,-0.0038457808934654874,0.002808142207999884
2018-05-17,-0.0063435363000233615,0.0005722435830601718,-0.003358441571707706,-0.010034464935363932,-0.005064065060528468,-0.0017083217054873888
2018-05-18,-0.003643411409763439,0.00040857173330558584,-0.016333118818159558,0.00186953124603402,0.008568724939765938,-0.007108824432729478
2018-05-21,0.007059762020780111,0.0005716827532715196,0.00913619345082706,0.012786027422074821,0.0005114780989098066,0.01198204979418712
2018-05-22,-0.0025081077746149285,-0.0005716827532715781,0.007639409232189397,-0.0010249346871486727,-0.0015359399831587892,-0.007808772324006493
2018-05-23,0.006391333057318955,0.0010614187645907496,-0.004612132412084386,0.011827210349511005,0.00723302819720602,0.00622770379806678
2018-05-24,-0.0011156974675680172,0.00853209120176816,-0.011264135048780299,-0.0035538018274988256,0.007938322171607207,-0.02315123031092062
2018-05-25,0.0022827695035754947,-0.003079396764578089,-0.005137452312398749,0.0005084598649892302,0.006205590722379669,-0.019625417823096382
2018-05-29,-0.0036122945758397143,-0.00016231041385129715,-0.043684252679114466,-0.0035645763289480293,0.02166631228676892,-0.003691050446397851
2018-05-30,-0.0021311477477327155,0.001460093554237964,0.022588554746415905,0.009545158860994047,-0.006730739363527188,0.038523780714840666
2018-05-31,-0.003365364610291973,-0.0021909715513725716,-0.012444947849997766,-0.0011125768537976909,-0.0016490329263236655,-0.0031952417884396882
2018-06-01,0.01787311001230711,-0.004967644235411557,0.012905993691549614,0.01953694192238583,-0.005297009928087933,0.007236250550617449
2018-06-04,0.008323114906196208,-0.0009801121170807511,0.00046100671226664434,0.008692928829031499,-0.007258366978830277,-0.01056541227421833
2018-06-05,0.0076855228941182935,0.003914822104047846,-0.005640370722479293,0.005101748613072457,0.002341477084646028,-0.00358784302124759
2018-06-06,0.0034603937097318323,0.0005696358194504353,0.023099056252479704,0.0029315324620698903,-0.008135500788615737,0.016959829336796114
2018-06-07,-0.0026846551743416147,-0.0004882216623280107,0.00397887442882491,-0.015833640743574417,0.009638269379143203,0.009943293449359342
2018-06-08,-0.009139309543303694,0.0012201695433653895,0.0027939507519892663,0.007406905717989936,-0.0030075642766991127,0.008649459595503058
2018-06-11,-0.0024547081011464605,0.0017868849442266759,-0.0025231257795590937,-0.0057231575169471634,-0.0018420314201867507,-0.005998835531162862
2018-06-12,0.0054757525198948715,-0.003332688774722517,-0.005791321250885181,0.0025697781487813965,0.00025139311203241653,-0.008216032164508304
2018-06-13,-0.008250929405971873,0.003008032375587246,-0.0019986850583322553,-0.0045509337201964295,-0.0005026926993297195,-0.011102660897737763
2018-06-14,0.0005241617545730738,0.0015411027282310494,-0.01779865709923707,0.0056360754319813204,0.008265474472233173,0.004651322763825695
2018-06-15,-0.010325425479415725,-0.016672509186741995,-0.0012040030764922337,-0.012801174088554787,0.0009144764044406366,-0.0151340656266488
2018-06-18,-0.0005297746706981258,-0.0018972637609840908,0.0025916389783623645,0.007264217105646507,-0.0009144764044406675,0.001981330855151898
2018-06-19,-0.016292051347301675,-0.0025629178089953803,-0.005840792652708623,0.0,0.005803214318782781,-0.0014858136654082449
2018-06-20,0.004352727661470489,-0.0044802273887545,-9.290335894277049e-05,0.009964325893970543,-0.008800871915971823,-0.003102609682329008
2018-06-21,-0.005591910119955251,-0.0017477352868705306,-0.00027911157734174073,-0.007192177735227738,0.0052401347822282245,-0.009491874628317283
2018-06-22,-0.002915821586633634,0.0024126912728642744,-0.016505688525388345,-0.007243706999526675,-8.290477553704026e-05,0.020985429005129827
2018-06-25,-0.01498333638985445,-0.003746388732216758,-0.009119741891103482,-0.02032265028576776,0.0022372581096488887,-0.020357942662965273
2018-06-26,0.01232969208996582,-0.0052686490212925504,0.0006680946679750414,0.006988380909442518,0.0014063837996316083,0.011223329290505433
2018-06-27,-0.0014649027555447402,-0.005718147886604777,-0.015570011718497903,-0.01566515121099235,0.009379755973048794,0.01318156880270956
2018-06-28,0.0072499207914050205,-0.003040547998821346,0.016237033306466073,0.011113243072774956,0.00024578240466386004,0.003176957306494344
2018-06-29,-0.002104621982757572,0.0036306900201949913,-0.0069812744690090816,-0.00020306291635783084,-0.003444773503758672,0.009228875560041433
2018-07-02,0.01112051402960248,-0.010080153442110952,0.008409966149807255,0.014097501459862015,-0.000782730131532438,-0.01179385429042596
2018-07-03,-0.017569772123829142,0.010080153442110855,-0.014088184568085698,-0.009645092651727142,0.005342219028854493,0.00585352646950526
2018-07-05,0.008014738231847226,0.0033656028250155126,0.006480612243899876,0.007142325434668563,0.002865106937886306,0.00085042628473814
2018-07-06,0.013766586131970333,-0.0015972634935638506,0.003272598114666781,0.01393595323812574,0.0032640403786311956,0.00024318286017248184
2018-07-09,0.013789783107296765,0.002436881277559937,0.030474755297102796,0.006798076024334301,-0.006456938795138543,0.006899465782285907
2018-07-10,-0.0012074523779470722,-0.0018481290459546572,-0.006171324856738721,0.002647272358613008,-8.198378117616555e-05,0.009125943788985917
2018-07-11,-0.01306105607531254,-0.010905978807671088,-0.0021592350586000916,-0.0013719730046947904,0.003846752228982138,-0.012872469558705446
2018-07-12,0.01662685399274495,0.0041565812124297165,0.004314255316471499,0.021439390511853992,-8.205666463000244e-05,0.0012101625112487812
2018-07-13,0.0015692869027327846,-0.004411618657356192,-0.004596441244243965,0.011831272754002366,0.002529838801595894,0.007470055747620506
2018-07-16,-0.002197268614670337,-0.0005102701051305093,0.038909599835897805,-0.004944498024787321,-0.0041648321798662,-0.009891977722854151
2018-07-17,0.002824210069123296,-0.010862735754725461,-0.0007235790584341736,0.009864357860097806,-0.0018836180803589073,-0.0021843634087537547
2018-07-18,-0.005499386745859512,0.00025795416772476286,0.009278011787118857,-0.007864698194186873,-0.004025236488442326,-0.0010938097127999183
2018-07-19,0.007743104809149374,-0.004308123245285948,-0.014813819742329678,-0.006872733665167965,0.006318215955883968,-0.002557169849114959
2018-07-20,-0.0022959692781952565,0.0064552448263087885,0.01256989766754949,0.017753229378429818,-0.012344984350484256,-0.007466144314129896
2018-07-23,0.0008877308817081953,-0.004815949835095058,0.018430859243053092,0.01587042475939716,-0.012415300558325732,0.0
2018-07-24,0.0072280326705890935,0.00034477603659500224,0.0070330227185976014,-0.0028753851177063727,0.0034319691914800896,0.01958587043491234
2018-07-25,0.009386067082274758,0.00550018047205447,0.008982670314635052,0.029019648869741,-0.0015891089466497522,0.0069624393293059505
2018-07-26,-0.003136107253829568,-0.00782971239395345,-0.0028694065110399067,-0.01097771622325717,-0.001926927764627092,0.007746001569645982
2018-07-27,-0.01677155844751695,0.0005181795313150905,0.010221965190835609,-0.017856014143838913,0.0016754807426861125,-0.027926440284492433
2018-07-30,-0.005618470454719012,-0.001555212880989931,0.006014670886064805,-0.021685837350869534,-0.003437832559867859,-0.0021994464177151687
2018-07-31,0.001999085112958217,0.0029355602050311473,-0.015366157972947703,0.006715603255657222,0.005444913509012665,-0.0028179065376188724
2018-08-01,0.05724018350693897,-0.007355188129705078,0.006157335613986642,0.0018833393877610227,-0.008179706798995746,-0.013835949890848987
2018-08-02,0.028811842054196183,-0.0053993230298752665,0.004227792153212206,0.012064717374810114,0.0014339926160623342,-0.005989042148381468
2018-08-03,0.002888689949547419,0.003486767260953241,0.008060444745038491,0.004359693435875221,0.004960809172439521,0.0036226220149722863
2018-08-06,0.005179170158108469,-0.005147198608389075,0.0002562502114514863,0.0008330025864983196,0.0005871312153282075,-0.000249507841701865
2018-08-07,-0.009419088537908942,0.002271488910587502,0.003664688323420642,0.006911840138454487,-0.0052109950590570045,0.013503317745312384
2018-08-08,0.0006758034549080678,0.002788736658924094,0.0020395236943912274,0.005586840792210726,0.001010860387606343,-0.006666771434126048
2018-08-09,0.00783410064583089,-0.0014805645831976347,-0.007755654753177028,0.0016427511716671501,0.008382391227440361,-0.005091834206793166
2018-08-10,-0.002983054908603467,-0.00043582289228197795,-0.009887678594778095,-0.006127764510132863,0.00723692181348027,-0.0010067873891550154
2018-08-13,0.006436064984305726,-0.015199092023381782,-0.016026957779270806,-0.007274343169383393,-0.0020740565169462687,-0.010887519381573885
2018-08-14,0.004204422195958804,0.000973327608104041,0.006650871726701095,0.012398787519371552,-0.002244891464700984,-0.0031873705461486304
2018-08-15,0.002333502144467915,-0.016766621575930757,-0.008320750396491414,-0.013653636806994123,0.005809141313561313,-0.01764964938918821
2018-08-16,0.014543437965661203,-0.0008097887609237462,0.009366989138489688,-0.0001854683922825409,-8.255913610862346e-05,0.013683244011797185
2018-08-17,0.019773195558660472,0.009228205066865915,0.0,-0.0005579818796097715,0.0012408257296153751,0.0033276421615032383
2018-08-20,-0.009791123670040562,0.0049818196508907165,-0.0013076840926430965,-0.0066212476732556225,0.006673341110078399,0.007003309552041455
2018-08-21,-0.0019513888838821826,0.0029240568705197916,0.006088353694002216,-0.008362935223151598,-0.0033724655738330456,0.000253622111928064
2018-08-22,4.6728790005399074e-05,0.0022095550764809732,-0.003039502692246046,0.010138925134932532,0.0039467523469291525,0.01423299794854106
2018-08-23,0.002043894073291148,-0.009491353686729823,-0.002089682904986983,0.0046597275562332684,0.0015579566612917415,-0.011066349199802459
2018-08-24,0.0031044438978924537,0.017318039357996126,-0.0004360196641408425,0.007779025876731299,0.001964490216408561,0.006805712768221061
2018-08-27,0.008200869842774627,0.0037595032326643405,0.01754660275054148,0.011009472998885692,-0.0057404441378294995,0.00974828960676998
2018-08-28,0.008043055506005576,-0.007973022006627225,-0.004895594196559159,0.006003739490168115,-0.006021875411254764,-0.0014936727886299696
2018-08-29,0.014818943687261438,0.0045637840256251986,-0.0032772837118114754,0.015836003650092228,0.0013228769111514023,0.007199025897820775
2018-08-30,0.009151799210293144,-0.004915718883921124,-0.004936355486485032,-0.000625181083555993,0.0021458728005429363,-0.004338148870229805
2018-08-31,0.011487619760814244,-0.0011445940280617694,-0.005309816262351032,0.0033888704002254886,-0.0023112136518528676,-0.004232000956687026
2018-09-04,0.003201981799375735,-0.005122797149079999,0.004962327683627104,-0.005534891166037221,-0.005798495788664564,0.001495920014249272
2018-09-05,-0.006546197285793057,0.003447511831347845,-0.004874787674095139,-0.029248090029552795,-0.0026691809365854166,0.013238483186100247
2018-09-06,-0.01675694085130411,0.0019395335367870974,-0.004285388974703459,0.002301528570501641,0.003669052981843965,-0.011123373828249662
2018-09-07,-0.008100881551712007,-0.0027340278330774672,0.0019262290655312783,-0.0048857719226456185,-0.008526351672776432,0.01688371770510124
2018-09-10,-0.013511484113806888,-0.000706792407982718,-0.005350169149900708,0.010754109503097268,0.003687040435873161,-0.0014675510185243224
2018-09-11,0.024968250280109336,0.0006184538252070439,0.006312098319789297,0.016862356462244682,-0.007639891634317332,0.013975721635281577
2018-09-12,-0.012496669819753572,0.008355710260063364,-0.01186777900194055,0.004215867416354606,0.002356910632110096,0.0032535608022399554
2018-09-13,0.02386804801656021,-0.003597564816940891,0.0038831565286187174,0.010684924394744553,0.0015122286978596754,-0.009791640495588838
2018-09-14,-0.011415838292619038,-0.006526220333750846,-0.00017591456263809784,0.004065446708029517,-0.004796590480685902,0.007262230181330633
2018-09-17,-0.02698696869355649,0.005206771454576303,0.002990945677927188,-0.010908443068183017,0.0,0.005891715939217157
2018-09-18,0.0016507061083905208,-0.0014974516487718237,0.004032733435998809,0.00949661017823498,-0.010514682981481109,0.002633935372663547
2018-09-19,0.0005954520827803432,0.0038711539862427546,0.028632505561657924,-0.013427832763938236,-0.005984907940152444,0.011886755108871806
2018-09-20,0.007573100001691631,0.0034188014897895418,0.008550116633392177,0.016602685883097767,0.0046199068605308905,0.0022425862842364863
2018-09-21,-0.010829694897043425,-0.006849331291438426,-0.006596520030542042,0.006057050549584516,-0.0004267370862140936,0.004117664138313767
2018-09-24,0.014277910560498886,-0.00017621292914007548,-0.009635041974646404,0.0035818900667174192,-0.0025649692584146055,0.01665056503023796
2018-09-25,0.00632078863912813,0.0015850681638403528,-0.00283093269708816,-0.0019205986886569454,-0.001027928174360011,-0.0011552840452806695
2018-09-26,-0.007998221701279897,-0.005293338005935142,-0.01184075315574296,-0.004114801345208972,0.007003207466517242,-0.008358650380367084
2018-09-27,0.020343523055502542,-0.008884998236125718,-0.004356675747820357,0.0037654847401188225,0.0006806212179240904,-0.00011649758513927809
2018-09-28,0.0035058362593046737,0.0063164577082286105,-0.014778597539596311,-0.00034972508635936064,-0.0026402291293942805,-0.008782564307325331
2018-10-01,0.0067106670484273385,-0.0016864375351172442,0.005832219836459893,0.010783589125386241,-0.007368284786017917,0.009248659758988484
2018-10-02,0.008849371166025959,0.011482223287117932,0.004132312856229229,-0.00398680292613648,0.006094070797715845,0.007546552584640865
2018-10-03,0.012095039255261673,-0.003959744500981412,0.009344818225500788,0.00017372891087253717,-0.017524102414569774,-0.00359184697477821
2018-10-04,-0.017737153649265026,0.0005289130805079614,0.0089754190312402,-0.020881630014430462,-0.007078470413411255,-0.006638146852702699
2018-10-05,-0.016361984146683793,0.002815908986712411,-0.005654736254571631,-0.005868673794651621,-0.008632613367513448,-0.002808496099072024
2018-10-08,-0.0023210864388092957,-0.011133826368821452,0.006088487275648612,-0.01148103023269119,-0.003366963012584736,0.00921451122526839
2018-10-09,0.013758231682152114,0.0005329800140063239,-0.006961478889391457,0.012639563404844158,0.010067883480423844,0.00440199311024435
2018-10-10,-0.04743336424093915,0.0024835810584159217,-0.02699384033371654,-0.05587011464166706,-0.002728172332494771,-0.023271710946366677
2018-10-11,-0.008866978629615833,0.02536654489487633,-0.030421499930244504,-0.002357605303983504,0.012086567966760673,-0.03515898656645238
2018-10-12,0.03509620347574063,-0.0047616679491750925,-0.010972555787938374,0.03397370507510267,-0.003488115968036427,-0.0026996802066496946
2018-10-15,-0.021618095962565136,0.006660030947980057,-0.005719913975831878,-0.018143130904405388,-0.00043697244045241276,-0.006905024211892686
2018-10-16,0.02179803434176812,-0.0017255996137757622,0.021214178476228033,0.031109815373415794,0.002270045166593476,0.004690796866253337
2018-10-17,-0.004330831695585854,-8.637796161615032e-05,0.011077898741063746,-0.002616047921237865,-0.0059470177851588014,0.003687725273353541
2018-10-18,-0.023651098220666463,0.001122068685606197,-0.015969532611439657,-0.02016398483046642,-0.0003508901587661495,0.00428510874122316
2018-10-19,0.015115246179468807,0.0007761304849288288,-0.0016665308108477297,0.0014735280351749803,-0.0021966518024471486,0.0014651082979991598
2018-10-22,0.006091409311539643,-0.0025893597255193914,-0.01446790299902408,0.008887297347872823,-0.001319772513718441,-0.01005389847481638
2018-10-23,0.009382628854888846,0.005859562733875961,-0.010491259204822346,-0.014054210808408671,0.0031650856949368023,-0.01627471397395369
2018-10-24,-0.03490364389092894,0.0023171370069294235,-0.018798083384876384,-0.054951535848517,0.007520858807336658,-0.028199246160987103
2018-10-25,0.021661354527769128,-0.002231204310531111,0.015085805838943596,0.05679989588850938,-0.004190830555179528,0.008849978018246734
2018-10-26,-0.016051595673683274,0.0031736109331066205,-0.01382787800044989,-0.012450081035435002,0.006018392648895677,-0.010010316208995163
2018-10-29,-0.018948632656948645,-0.003947139978932357,0.01373243730340192,-0.029507711128632968,-0.002263192501633168,-0.006210343039837448
2018-10-30,0.004982003710451026,-0.004394427867848015,0.017490414775875946,-0.001155932484023133,-0.004980668928833046,0.02220461790793233
2018-10-31,0.025732525906530114,-0.005628951974666804,0.021510261083384094,0.029260069551809882,-0.005093770588767849,0.011359374753871781
2018-11-01,0.01523562909262847,0.01277086763550321,-0.00036673422902398653,-0.008367423027684616,0.0009266645137444572,0.012348230631399304
2018-11-02,-0.068632936053664,0.0001715043948444399,-0.005520982968657772,0.0022633520209091687,-0.012511136022455136,0.015742280847717706
2018-11-05,-0.028798905911665097,-0.0024032178261358607,0.006529306297166036,0.012636481589178523,0.00392080693251899,-0.0037898945472827792
2018-11-06,0.010755935445018407,-0.002839826579174042,0.0046644714443251694,0.0019512484919909751,-0.0006224083819725947,0.004278231755808195
2018-11-07,0.029877457333911644,-8.61993040877103e-05,0.0170077895630288,0.038606357048307206,0.0013338801021445638,0.012604333126566185
2018-11-08,-0.003495252539271886,-0.002156939731312277,0.008040871412274022,-0.001877284077183976,-8.887548369887969e-05,-0.016025296314418163
2018-11-09,-0.019469813722012338,-0.011291663536045476,-0.009746601530778238,-0.019700703281173692,0.007438385313690644,-0.0002472286697546007
2018-11-12,-0.05168712735728149,-0.007188596482678694,-0.021250632232373615,-0.02495017880534986,0.0065070384183240305,-0.012943499324605166
2018-11-13,-0.010041697046091409,0.00035180582721631255,0.005857429339009315,0.0006544292039576007,-0.0006134851451034457,-0.023190693028276803
2018-11-14,-0.028653939940988367,0.008233404279793029,-0.02083818329242986,-0.014282657741177816,0.0006134851451034275,-0.007851258131918112
2018-11-15,0.02437936158798835,0.0011333182475063862,0.025208448419971868,0.021767900341456266,-0.0004380958030089648,0.010284095375320273
2018-11-16,0.01101456466849569,0.0073788789662288,-0.0007271087422111834,0.009370463964269249,0.0057705778568153746,0.009799419388297434
2018-11-19,-0.04043876226345148,0.0004323180677422659,0.007608149362152597,-0.03447798963861998,0.0027859535052967197,0.0032877847726756927
2018-11-20,-0.048956838681464,0.0,-0.021708477925351046,-0.02820911532804395,0.00034769908794085884,-0.028813241808678298
2018-11-21,-0.0011309156354291428,0.001641277459165227,-0.007496986851093108,0.013670837199251403,-0.00034769908794087976,0.007636153802885296
2018-11-23,-0.025726881864508507,-0.0007771357154266267,-0.00923990699658401,-0.00038805128427200843,0.0010427347898950188,-0.027051620070980966
2018-11-26,0.01343327733654998,-0.0011235233509469095,0.02417817882630174,0.03245479870925506,-0.002260634526753195,0.019545557502990855
2018-11-27,-0.00217850668479735,-0.005984687209490868,0.004201204491633129,0.006273298720959864,0.001130875713713287,0.0009088627008295468
2018-11-28,0.037731496393112234,0.00373378036345705,0.011057823832301408,0.036474403456181186,-0.004881192030844867,0.018006989585761773
2018-11-29,-0.007711495983787601,0.003115272664463216,-0.007963798943557709,-0.008404585208619093,0.0039245537032200324,0.007745515811124849
2018-11-30,-0.005416926125195552,-0.001729479411524255,0.010214819366167924,0.006332424692906611,0.0037350131653454102,0.005550145565877259
2018-12-03,0.03434557385904878,0.007501675441848405,0.009398992952304149,0.010763363254729518,0.007075443680867813,0.021404074983290368
2018-12-04,-0.04498557134872537,0.006080599945141696,-0.045663392253724226,-0.03236775022384648,0.016603119448470288,-0.02228538164982699
2018-12-06,-0.011212095799205108,0.00017072178718187972,-0.01920776531762256,0.006155231914147117,0.0031351038843603577,-0.013179441779130061
2018-12-07,-0.03630836256765398,0.008077219150826301,-0.018227955024384793,-0.04084503308388045,0.0018600182993297935,-0.009613852116564162
2018-12-10,0.006566210364304573,-0.003477935715567025,-0.018861718772223122,0.026083284114965567,0.004129473458251755,-0.014269131515337307
2018-12-11,-0.005735827798912176,-0.0011903699128753065,-0.009815018207487584,0.009251456946958487,-0.00016814057273952332,0.001827128726097275
2018-12-12,0.0027833448458130412,0.00212467676965701,0.006454978635881906,0.004502521615053119,-0.004468083442986744,-0.008644464619072803
2018-12-13,0.01088092646470614,-0.0022097759847801487,0.0009895058362521258,0.0033860620356812904,-0.0023687579166581435,0.012549554306950463
2018-12-14,-0.0325207928664908,-0.004007006751401848,-0.00824189062208487,-0.031745759132617755,0.003466444961376968,-0.018354233538978613
2018-12-17,-0.009349730599889564,0.0068957425332182515,-0.012845365934196428,-0.03006181447952733,0.005806832590419988,-0.020585971034856543
2018-12-18,0.012908865242114409,0.0023726710074086807,-0.004758264002201556,0.010442014523633818,0.005971070136202569,-0.027939439071539344
2018-12-19,-0.03168839803108883,-0.0061126025718981495,-0.012766548408114434,-0.002696529900909124,0.013124341925934011,-0.017089729827568793
2018-12-20,-0.02555842753232549,0.015295836918707156,-0.008671112028766045,-0.021248531371368857,-0.003637455409772804,-0.030846926327394535
2018-12-21,-0.039672631012995646,-0.004370461193212718,-0.023923133244186667,-0.03284559373678468,-0.0001660242785557767,-0.007458592938428061
2018-12-24,-0.026214668992986696,0.01089057789030817,-0.021792755720312116,-0.04263502705551002,0.004958010282732821,-0.039068103279473604
2018-12-26,0.06805263490059761,-0.003003949025405859,0.04062246854532887,0.06607780728221846,-0.010773111140447695,0.04667274906682282
2018-12-27,-0.006510738307920573,0.0075760760319352385,0.011191777017383976,0.006146867664772103,0.0001663027807282311,0.004360893689962272
2018-12-28,0.0005120842330164295,0.004055775698519239,-0.0021664793286501308,-0.007838644101995078,0.00837894281043058,-0.011231961846145827
2018-12-31,0.009618862684456794,0.0015682595209626012,0.008125362333962018,0.011685472007314427,0.0037928266276120136,0.0002934353468266842
2019-01-02,0.0011406239527790923,0.000659591337713554,0.017164009460612938,-0.004440229954785313,0.005253116890149057,0.021759225631929793
2019-01-03,-0.10492423177893491,0.00902531942317299,-0.014313559297455772,-0.037481720445500674,0.011315251168729777,-0.015473104112888283
2019-01-04,0.041802955900248344,-0.008119106827353268,0.03620212526919862,0.0454601694985711,-0.011642514221057674,0.03620627104131463
2019-01-07,-0.002228461533811773,0.0034525160778516237,0.0006949953576461894,0.0012745865565616291,-0.002952539221163412,0.005186694910438616
2019-01-08,0.01888380153653351,-0.0027117139907279018,-0.0018871746280641564,0.007224441043648056,-0.0026320029344507707,0.007244361601290693
2019-01-09,0.01683917799998255,0.006397649700215412,-0.0016919687774047672,0.01419805904516664,-0.0015660689196714084,0.0052613566322782255
2019-01-10,0.0031913858383595217,-0.005904086348646451,-9.961138725993902e-05,-0.006446057127820092,-0.006454307269808618,-0.005122290005174549
2019-01-11,-0.009867019137205554,0.0017256811414607263,-0.004792960915010468,-0.007752001917346585,0.0038942095300609184,-0.004590824812994797
2019-01-14,-0.01515084456312333,0.002378067354322114,0.010256358152504896,-0.007322397774975742,-0.003727903282297118,-0.0012555553925878583
2019-01-15,0.020259825287791418,-0.0017215161032263467,0.007304791737185327,0.028592551319274368,-0.0036590111785332045,0.0005582274356694057
2019-01-16,0.012142551858144597,0.0031947551186356582,0.00803210938922415,0.003517147668135377,0.0009992267279788746,-0.00041865979064389014
2019-01-17,0.005920060307331511,-0.0013094038577051105,0.00408893907913701,0.006998015199668669,0.00024968901906022745,0.006816599680047872
2019-01-18,0.006140367829141998,-0.008966489387798324,0.01609603016966516,0.014871748307173482,-0.005255683353801001,0.01185227204533406
2019-01-22,-0.02270133318121921,0.0035468368649853345,-0.015901624446456885,-0.019026746057535005,0.0067521275425452025,-0.015185114734153703
2019-01-23,0.004036150044961745,-0.0014007184915951448,-0.0025290612186493967,0.009699197935643916,-0.0004151273186137926,-0.008240907790435428
2019-01-24,-0.00795801635691292,-0.0015678713054947328,0.000584287105012152,-0.004790771864681259,0.0065442796130724765,0.0014013995856804872
2019-01-25,0.03259965932432561,0.014511460180241248,0.006306669706636139,0.009092174834056346,-0.004800848545478954,0.004471738961089118
2019-01-28,-0.009297965338853794,0.0034938106026215594,0.004727927353099596,-0.019694353605431016,-0.000995928671574915,-0.006715351945090157
2019-01-29,-0.010418550924338113,0.005580978043920208,0.0027880175783525436,-0.020575481712886902,0.005053140935262934,0.003783168242217985
2019-01-30,0.06610135582922295,0.005710387238117351,0.002301299868072641,0.032871089023775606,-0.0007439614876209562,0.010848316510960274
2019-01-31,0.00717528108665617,0.00048105804332541224,-0.00875382600851153,-0.018500494800999644,0.008563048736503891,0.013602071109188657
2019-02-01,0.0004803363661430041,-0.002006018726865743,0.003664508562086132,-0.015926032387454405,-0.006057808235358958,0.03539253304596351
2019-02-04,0.02800927505550441,-0.0043467903708823,0.003555647239481027,0.028392014386310796,-0.004474495775455864,-0.014595336423858603
2019-02-05,0.016964485656531296,0.0025781491687657575,-0.004422271965332448,0.013899861935317065,0.004557501272531103,0.010239038408553568
2019-02-06,0.00034479692074916525,-0.006781846869660092,-0.0004819702960525382,-0.011160789935730178,0.0004956133692231372,-0.0043753584107408
2019-02-07,-0.01912102544451451,0.0024273450059934865,-0.013196136977744825,-0.007193501873824738,0.0065884294988629395,-0.0077363438228535775
2019-02-08,0.0011742178786084381,0.003791101346321012,-0.010012970385580317,0.0037926412675072774,0.0042589288325855556,0.0016234508566568208
2019-02-11,-0.005767783439340603,-0.004923141507008373,-0.004746984773805798,-0.003982744408716934,-0.0039311260385812416,0.001620537563084124
2019-02-12,0.008580667658533658,0.0021013677593768472,0.016906431509339702,0.015461883641752253,-0.0025466843111294794,0.017391560402258265
2019-02-13,-0.004163611975958988,-0.003963908091330168,0.004764244963415168,-0.0007487918907686978,-0.0037915668769402866,0.011210411951138971
2019-02-14,0.003636751749943996,0.005577307519395154,-0.006520257158763156,0.00084216077045499,0.005682085953728363,0.0002622041562050869
2019-02-15,-0.002227607128634486,0.005947180522781207,0.030102642957052398,0.01227215117096495,0.0015584988481649245,0.018704379499682997
2019-02-19,0.00298820599496412,0.015109582852092095,-0.003511515347789378,-0.00046176272765950367,0.00253800204995907,0.0066694924143489735
2019-02-20,0.006414762920260823,-0.0017378437981698566,0.004837261047131051,-0.005212778127175658,-0.0028656596749074012,0.0038272191468516625
2019-02-21,-0.005654368470956073,-0.011370537714508392,-0.002083742834124543,0.020872681448994394,-0.008979245352256025,-0.009082229538681097
2019-02-22,0.011103743545670357,0.0035920768439101198,-0.004466244413826442,0.014157604976094168,0.005940405359900311,0.007680611581302465
2019-02-25,0.007258190987913756,-0.0010363715360959395,0.01042167934403938,0.00557112837977104,-0.0029658673544900663,0.0010196077461015643
2019-02-26,0.0005735974434870988,0.0016736332310033522,-0.0076636224887127215,0.006876863724412929,0.004937759433294557,0.002036101982279052
2019-02-27,0.003092813615070818,-0.00711234367844341,-0.0012354206615151119,-0.001692311562186895,-0.011393773498935654,0.01024492775437674
2019-02-28,-0.009884552572534075,-0.005629776625606553,-0.00763647162715841,-0.0012488473399064604,-0.0034102059646668546,-0.0055521195029622945
2019-03-01,0.010456325400364175,-0.017163968380321165,0.0006703864543686595,0.004453128890081294,-0.009286393954387918,0.012198908344046511
2019-03-04,0.005016717695904288,-0.0026289836177433583,-0.00230077062775628,-0.0024023565689799747,0.007807502625853259,0.003867265179336057
2019-03-05,-0.001821308994241686,0.0013153870929190252,-0.0007683372587943387,-0.005000970611995051,0.0020880251435159243,-0.001494875030706577
2019-03-06,-0.00577064442163256,-0.0009041270457165541,-0.0037526342554238313,0.0004473790465184301,0.0036651540620069346,-0.011413088679762377
2019-03-07,-0.011641883151016295,-0.0008226265106168819,-0.007257540651417972,-0.012244483426852762,0.006463619789086037,0.011038727259347637
2019-03-08,0.0023739743446736556,0.010886084259377201,0.00038840615289442406,0.0010864424001772524,0.004203796759189717,-0.01444985073684382
2019-03-11,0.034055600127002254,-0.004896357818091546,0.01292439404120066,0.020776091054337024,-0.0029651993020767976,0.009697973248336834
2019-03-12,0.011172974084641425,0.006035459879402026,-0.002974896064087706,0.0069774966075455535,0.006987911849871273,0.002753848760292138
2019-03-13,0.0044121851144320115,0.006968612448215202,0.0033584313331008983,0.00771516597052514,-0.0018861126031190227,0.008836024214827152
2019-03-14,0.011054888289654438,-0.011614284265949192,0.009059067638869156,0.0007856837546622146,-0.007249263568925437,-0.003351103724812012
2019-03-15,0.012924305704709803,0.00456433710702197,0.011421440149806002,0.01145360645941558,0.006592912943446088,-0.003611492812142606
2019-03-18,0.010157161115238969,0.0005690800870331783,0.005988376707979834,0.014219872341476304,-0.000575337814254402,0.011536610345251256
2019-03-19,-0.007956376205152325,0.0027594883221057557,-0.0036448674758788827,0.0006802234098480256,-0.0022214578090473886,-0.0025933507722949462
2019-03-20,0.008700587701580692,0.006463126873942885,-0.0215794013341704,-0.0011057967616888733,0.010405919911660145,0.005548766398621312
2019-03-21,0.036168337905618464,-0.004034541087699915,-0.01591244802191925,0.022715120772889764,0.002198784578531844,0.005763100397222622
2019-03-22,-0.02092615415925743,0.0023420233902432335,-0.03069879218531763,-0.026722140503651022,0.015414796702044466,-0.016146079959729023
2019-03-25,-0.012164521451047614,0.007633907060241407,-0.008354714756456839,0.005197837771974852,0.0016005707363795157,-0.006982758734060473
2019-03-26,-0.010385432020090856,-0.0049754946888428755,0.009957357097613972,0.002122359739207766,-0.0007199324935620879,0.012929139400102055
2019-03-27,0.008953770958354592,-0.00524301676048457,-0.003408505482883013,-0.009715478602703526,0.009160348905024719,-0.007687927139036615
2019-03-28,0.0013258266116097212,-0.014253957303041619,0.01128375456194778,0.0013693650686250219,0.0034827516009066483,0.004966648563186944
2019-03-29,0.006496230043576075,0.0009019770912032663,0.005149759557113547,0.008600799939136289,-0.0009486653892557949,0.0007425607328958777
2019-04-01,0.00676843877772359,-0.003941890257643701,0.033131003954914966,0.009115338755588358,-0.014305760853838171,0.0114444006880779
2019-04-02,0.014431981682286401,0.003695988550420936,0.00476687594336488,0.0014274250896174137,0.0018472364013946648,-0.004291624884425386
2019-04-03,0.006831850646345258,-0.0014767440573913667,0.001995092117315937,0.006522753446998143,-0.008705465164600466,-0.0059154731229443995
2019-04-04,0.0017385838687885588,0.0025419025120261784,0.009614354165135203,-0.005097567070780161,0.002829887800636946,0.014115025775216138
2019-04-05,0.006672197307320712,-0.001065158454634802,-0.002371093956199321,0.004430366867459422,0.0012906763671255862,0.0053478020684808
2019-04-08,0.015613361488955545,0.004335552354601057,0.0032232130231804744,0.00033382500038998904,-0.0035541526226165808,0.006163973158390641
2019-04-09,-0.0030028807314807465,0.005210460213684454,-0.007410167770129685,-0.00543453071346571,0.0031505989869553726,-0.012975435139329479
2019-04-10,0.005598204164657736,0.0030808947099307334,0.00447189409080944,0.007599857121521918,0.0024173384214603946,-0.004526452791681378
2019-04-11,-0.008359023072338347,-0.012872932029622242,0.008413094481596968,0.001164244619609563,-0.005891339964029022,0.004770481189179018
2019-04-12,-0.0004019128147522072,-0.0009844542413608548,0.04581360367706504,0.005139287306394016,-0.007148225564229328,-0.012648259342249625
2019-04-15,0.001808179105122823,-0.0018896884121835308,-0.011485496069794487,0.0008265077467003235,0.00252397295055833,-0.003342327699479917
2019-04-16,0.00010065265031527385,-0.009004202217837268,0.010495872158307764,-0.002315837756093958,-0.006280527175962778,0.0067965265075823995
2019-04-17,0.01928577010065335,-0.0019104067944000634,0.02839634912327099,0.00824618638390013,0.0004087989926969024,0.0028284124376977827
2019-04-18,0.003587231093961202,0.0007480072379889946,-0.00737641347848288,0.013053794988059747,0.005220790855534013,-0.0036908603028791296
2019-04-22,0.003281241303512711,0.0,0.001233106572190887,0.003156582257561676,-0.004811860046203536,0.021582125644475966
2019-04-23,0.01432030592859145,-0.0020790892290242957,0.0012316682394858892,0.013483203308402912,0.002123346120906129,0.005773297410172675
2019-04-24,-0.001543438733437162,0.002909503431152912,-0.0016718831625583941,-0.0034339414340340325,0.008125824967227212,-0.01961997561485705
2019-04-25,-0.009116684437425865,0.0008297251865102907,0.0005281381314978113,0.03258085518762747,-0.0014576669774391858,0.005610582092219774
2019-04-26,-0.004785140532159271,0.006613259149985578,0.007541244092343775,0.0057134794951520145,0.0033978251761864844,-0.02126624503255812
2019-04-29,0.0015161411254443011,-0.004459139554905491,0.014311490287004331,-0.0009243292736009375,-0.00640133350245944,-0.006481230086696039
2019-04-30,-0.019443969794265367,0.003057434262503009,-0.0006031799146843108,0.006375718980380692,0.005107992777766145,0.0038692338690601803
2019-05-01,0.047918877609995254,-0.0066225029075604345,-0.007698521680999274,-0.021047110159806433,0.004116829557089942,-0.02025873639985332
2019-05-02,-0.006528971909808738,-0.003827907452540267,0.0021683482880608855,-0.013145162818180673,-0.004773778829946061,-0.01769737766666782
2019-05-03,0.0123546791033314,0.005902166622599615,0.006133353307622685,0.021089744601532512,0.002834671478636649,0.002326154745089552
2019-05-06,-0.01556332304140813,0.0013252386046357174,-0.008909752493829425,-0.005835543670073621,0.002745690638743957,-0.004398249725770732
2019-05-07,-0.02732680538519777,0.0033055276063594123,-0.016469990132610707,-0.020736409334404814,0.00763205527200708,-0.005329952187891136
2019-05-08,0.0001968271454853115,-0.002478073455137969,-0.005313947231043952,-7.937363532212428e-05,-0.004330844567336835,0.001562910479585488
2019-05-09,-0.010802391809787735,0.002395550981643927,-0.0007992692774673759,-7.976811742447596e-05,0.004090770022636585,-0.0009112704868608892
2019-05-10,-0.013950180433384625,0.0018959191232165698,-8.909984431293106e-05,0.012904350405789975,-0.0013616827415694603,0.008658025203068166
2019-05-13,-0.05987683252210263,0.010159840539079522,-0.0275742369737545,-0.03018440863970035,0.00782500131596937,-0.011164745247428418
2019-05-14,0.015706335555288213,-0.0017133695443152437,0.007917215989193581,0.011125496169019726,-0.002947164123271607,0.0013198514373698458
2019-05-15,0.011907992389169005,-0.0005717761663673002,-0.0038141413970060895,0.013984182397184425,0.006123496238146568,0.007359945446313002
2019-05-16,-0.004409421013170613,-0.007216080906090217,0.012747976895347405,0.02282895153157579,-0.0033353340703827653,-0.00013112882289489274
2019-05-17,-0.005697795245850759,-0.007102776783024275,-0.00486321681046152,-0.006692670232482785,0.0022250329119520348,-0.005910228671244462
2019-05-20,-0.03176955576479404,-8.290551782707826e-05,0.005222753091339581,-0.014550447913069663,-0.0020660309564441695,-0.00013158326252670247
2019-05-21,0.018989544225084136,-0.0023236423674714048,0.003406790955428019,0.005372997513570064,-0.0015920301408676868,0.004600426216142978
2019-05-22,-0.020683805136908786,-0.0009975291545631813,-0.00817778860382218,0.006049568168626414,0.0057193267389438526,-0.00909012648050781
2019-05-23,-0.017217116817505432,0.007704775453647589,-0.01986768333732111,-0.011739672277892133,0.011184671593864957,-0.023704017463517905
2019-05-24,-0.003848236524240274,0.0010723379767872785,0.00980090043149652,0.00047552607208654066,0.0008612114339282252,0.004192237542389135
2019-05-28,-0.004143501905083942,-0.0038822269155751525,-0.010906153779307872,-0.0006339567838427586,0.00717437630093402,-0.02031265662955798
2019-05-29,-0.0047802019242624725,0.0003309964016131658,-0.0027683207570841284,-0.009717293163137939,0.0030255813416429113,-0.00621698776799473
2019-05-30,0.0051731852176186725,0.006761236816409685,-0.01077704235382599,0.006303178224010692,0.008561717093055725,-0.0026363828802355633
2019-05-31,-0.018281555299009572,0.013386857013473643,-0.010327742983487709,-0.016439143667173015,0.012441705994445195,-0.016814123751285215
2019-06-03,-0.010162080860388343,0.014329650783140812,0.004708022080603608,-0.031540312725518285,0.006666786273340908,0.015562835330862591
2019-06-04,0.03593119119945092,0.00031967486235552026,0.030344251323626024,0.02732703199405239,-0.011467167938512168,0.023510873056464692
2019-06-05,0.01601398728277451,0.002553665830468566,0.0035477204613378857,0.021447420001018437,-0.005667543173884993,-0.00832366338867611
2019-06-06,0.01457551977434901,0.0032623544765036684,0.002176858480852439,0.015691150939598192,0.0032204303888636763,0.018060350010219148
2019-06-07,0.02626865891089209,0.005624438342681366,-0.01102365796243215,0.027623210533987058,0.008614642407689862,0.003626798299894306
2019-06-10,0.012698393464629048,-0.010003215486538885,0.010752037421280732,0.009090904565772493,-0.009457272511724405,0.004414826639762817
2019-06-11,0.011512917476838745,-0.0011975692988471266,0.0030766691494352114,-0.0037779659774407944,0.0006128035983403679,-0.0009347193222443398
2019-06-12,-0.003187615033075902,0.005179100221238763,-0.012821336720953116,-0.004628518852259603,0.0007657205331304328,-0.010882300616124864
2019-06-13,-0.0002058511663990636,0.0061006935016299476,0.0024679847508031344,0.0062926804016269385,0.0034377763339881523,0.008741959545452052
2019-06-14,-0.007289262431959727,-0.0003160129284807664,0.0025525335774084184,0.0009819736233058235,0.0025135736470088886,-0.004428800842848603
2019-06-17,0.005949251845606948,-0.0006322652864021801,-0.00547843244126401,0.0030155357463472567,0.001747795650973358,0.009904177509196891
2019-06-18,0.02324610913838098,0.005047324392238259,0.013549954540217148,0.017238607251046246,0.004999204395816096,0.00861887725416151
2019-06-19,-0.002926791506506331,0.006038970838080658,-0.007252111088228117,0.003913617364791738,0.001434732404361327,-0.005560925141001927
2019-06-20,0.008003235534122357,0.024866155493817883,0.002544283731299913,0.009242721349149451,0.002637266927291026,0.016982115929678653
2019-06-21,-0.0034148766077820537,0.00661369341666817,-0.0068299238110955994,0.0001463626492220525,-0.011047685818862158,0.013998896389804618
2019-06-24,-0.0010066129321143382,0.014741593126273352,-0.007152544037801171,0.005895958923505872,0.007429210197818473,-0.009571064281680905
2019-06-25,-0.015273830622538533,0.0019392450876947497,-0.008317200498589122,-0.03208092691221623,0.0030917702100478712,-0.008875966543926854
2019-06-26,0.02139859455450486,-0.009207653748305768,0.006659167321047777,0.003740196356106813,-0.006420810985434376,0.004317483874699757
2019-06-27,-0.0003002405293400574,-0.0009781791081800058,0.0033131539032858898,0.0016412601981440874,0.007022434125636197,-0.010235115191239817
2019-06-28,-0.009153859232375425,0.0027063662544696662,0.026832895453039875,-0.0014173783990679917,-0.0006774082493002252,0.010626678711245667
2019-07-01,0.018174614051276683,-0.019559428102497136,0.016675658201144087,0.012757817602589384,-0.002341339349393454,-0.0009137968887211489
2019-07-02,0.005837643517324773,0.021134813548054226,0.0010551118499831187,0.006611348477253488,0.007682914414650995,-0.011032354310919139
2019-07-03,0.008252670647012851,0.0016477026920105947,-0.0015944264446395259,0.00642263542012538,0.00710430809515058,0.009463475356597266
2019-07-05,-0.0008810531729504724,-0.011212861349998495,0.005921240872351773,-0.002914138298714822,-0.013351500365765614,-0.004063643023385866
2019-07-08,-0.020829504768426186,-0.006453396174434407,-0.0054779957770980416,-0.0007296566904775371,0.001358049946761272,0.004586966243065545
2019-07-09,0.006081121961208513,0.0034976216131429347,0.004243649367850679,-0.003657595052279844,-0.00037705874760249656,-0.0006539265494799309
2019-07-10,0.009840066171321087,0.015664164068756106,-0.0029156536918362465,0.01013441327763005,-0.005521764860070425,0.0140318353377386
2019-07-11,-0.007309314945623031,-0.008479433149487648,0.009510671617478603,0.003982069340638829,-0.013440614774679305,0.0007735849800530391
2019-07-12,0.00765388597024928,0.006235244213343071,0.010462056940412435,0.003606068299095921,0.0011527325700842906,0.0007733196340244538
2019-07-15,0.009350976181933875,0.0,-0.012216437490051416,0.0,0.005742843898911611,-0.00711033251105031
2019-07-16,-0.0034658249778694544,-0.008498565150237166,0.010653999014113378,-0.013189408097382022,-0.002982515937521345,-0.015031776348243254
2019-07-17,-0.005639560205161078,0.016331233962022518,-0.009864385680920922,-0.005926629678946006,0.01074053643971209,-0.005944206981690023
2019-07-18,0.011295792583427456,0.01401922107283276,0.005947615255912013,0.0011003574334649117,7.583136676606095e-05,-0.008515161535405574
2019-07-19,-0.01504045501016633,-0.01483691752503857,-0.009902970612449854,0.0014647886337606532,-0.002351726135201835,0.0020019701002933345
2019-07-22,0.02259699627793592,-0.0001487748968767623,0.006408771070753799,0.013161650438935375,0.0018970647018125902,0.001066319348980467
2019-07-23,0.007787338971862941,-0.005668654760058427,0.018124941370401607,0.00619340016465146,-0.005471914823940636,0.003988532795650375
2019-07-24,-0.000814143866598538,0.005073447292028362,0.004031194954950014,0.010214010752887958,0.004334149271680261,-0.0001325946000170837
2019-07-25,-0.007938712575358295,-0.007095118991376651,-0.009633027279638159,-0.00377386540639258,-0.004791652410627982,-0.005722192523231299
2019-07-26,0.0034719838433572934,0.00164757936404381,0.004397871304825654,0.008170077463154603,0.002360526188589059,-0.001603034796448948
2019-07-29,0.009295295632267567,0.006637600502192369,-0.0031887636237991034,-0.002195976996606953,0.00030407606529163475,0.0070595740815382856
2019-07-30,-0.004301589095037301,0.0033393742390960437,-0.0022467178436459336,-0.004833481957936344,0.0024306635791237446,0.00013283544052641188
2019-07-31,0.02019891955920726,-0.013199706898717264,0.0035407321462731043,-0.029500960525919006,0.008008522102790941,-0.013225947657115324
2019-08-01,-0.021876604195993684,0.0237382025873749,-0.0267335585366641,0.013050281668964648,0.019665208117912,-0.02588328233838433
2019-08-02,-0.021385479923951956,-0.003819352910475418,-8.830516245031029e-05,-0.0084376749133611,0.009199083915992152,-0.00984709433830841
2019-08-05,-0.05376755837059064,0.013885007839557597,-0.03020476863515266,-0.034859071727205766,0.017140708280175315,-0.020700489377539207
2019-08-06,0.01875349110571949,0.008095529492025941,0.007818278661216725,0.018584241112578736,0.007960609533309838,0.009628983927190644
2019-08-07,0.010301781280037876,0.01507548681526026,-0.02197296470505377,0.004370810222631859,0.0003574020097749617,-0.006503526045920488
2019-08-08,0.021816530801608093,0.005022054446004404,0.016797973614445322,0.026335813790030853,0.0021406356016742713,0.026317376813702994
2019-08-09,-0.008274522731579935,-0.003321683939870917,-0.001093058050404998,-0.00853247517335763,-0.0019976458303130645,-0.021506064071386107
2019-08-12,-0.0025409079565832113,0.009651773675578623,-0.018949668534580796,-0.014040679325199609,0.02063564291171433,-0.004871162251951472
2019-08-13,0.041476162998830855,-0.005977346952418699,0.015298124858134723,0.020482805349110324,-0.0034333776019574106,0.012275327802486186
2019-08-14,-0.030217007685831614,0.00681829671908825,-0.04240820818890502,-0.030577302580729524,0.02227959028297484,-0.04112349786368543
2019-08-15,-0.0049939362560253485,0.006632923311853109,0.00380916988477787,-0.0022417406010760183,0.011058192120405472,-0.005930386925766452
2019-08-16,0.023320709918558637,-0.00642279632319684,0.023672314178672188,0.018161635779298003,-0.008042574801517566,0.015492861481122387
2019-08-19,0.01847252068315098,-0.011765243129746363,0.008964327078813308,0.016610174628021557,-0.014405748085190047,0.016697094110764553
2019-08-20,4.7492984805075005e-05,0.007765153200510364,-0.01277807781430816,-0.00834343557569983,0.010291278368379734,-0.006065641140868319
2019-08-21,0.010780230333194241,-0.0031694374885161206,0.0027917293148939,0.011084512915161732,-0.00668769305007999,0.009945595763703548
2019-08-22,-0.0008469408648923636,-0.002542737809443374,0.010262240380096797,-0.00730375327955522,-0.006663215658097296,-0.002153378273265305
2019-08-23,-0.047322711882745346,0.019400435825568496,-0.025147931384455414,-0.03238059528193075,0.016301212768236484,-0.0303542927461098
2019-08-26,0.018821027974133576,0.00013874512727632068,0.007985360427612376,0.015325312025439448,-0.0040505523345358615,0.005319979027565175
2019-08-27,-0.011347966294536565,0.009525229640210546,-0.010629770522928494,0.002138590284333583,0.015291385825858704,-0.009774612465697979
2019-08-28,0.006687850496902903,-0.002820513317677276,0.009974471716571984,-0.0013268787941997662,0.0012864063512658128,0.0072661192560029685
2019-08-29,0.016790322719503946,-0.007190355573252848,0.02240636482598036,0.01870860573983961,-0.0037961007863840887,0.011020349430018082
2019-08-30,-0.0012923834205971836,-0.0025705723222454796,0.005842611830029223,-0.0018841144088864719,0.00027140425768978536,0.0007306926390875242
2019-09-03,-0.014671097632922453,0.013817145553141903,-0.011903940000127306,-0.013289973835143168,0.0012915614278567514,0.0011675077762630438
2019-09-04,0.016824244086971224,0.006224182405113975,0.0119950430896959,0.011620369579604021,0.0014935662000689861,0.01059142269108
2019-09-05,0.019363005796750446,-0.02429383958928248,0.022498993115026823,0.017430303199948913,-0.018276303468122302,0.014044190064096657
2019-09-06,-9.398511621742119e-05,-0.008559662387184017,0.0021335169048056738,-0.006806231391291906,0.0070904983657685975,0.009348540149203232
2019-09-09,0.00425815009572237,-0.0037414803722944866,0.024473911704482217,-0.011423921539570546,-0.017925671130633033,0.007864015106385326
2019-09-10,0.011743716195263482,-0.008594766463448816,0.012657887975353858,-0.010526125115139706,-0.0176834365994903,0.008080352163072855
2019-09-11,0.03130013534974449,0.0060453662250154515,0.002734411641712641,0.00029383423434709656,-0.0017779715425957335,-0.0019445824394741982
2019-09-12,-0.0022386471223559386,0.0020542492696135994,0.006124974553175265,0.010232290880792437,-0.006572437948968916,0.0006952923502975132
2019-09-13,-0.019645962741537144,-0.008313640257218174,0.01948504049137196,-0.0014552941494685569,-0.02159085997821486,0.009127318085341158
2019-09-16,0.005243610355227531,0.008313640257218249,-0.008939416643840535,-0.0072356636177882995,0.012663635729881753,0.014893952105138693
2019-09-17,0.003631379890291385,0.001979350045407386,-0.004963683854902373,0.0077454100939420975,0.0054090319739469655,-0.007624392453648601
2019-09-18,0.009335501292703469,-0.006305141849164153,0.009986051638320092,0.00819123359569039,0.004234476661601904,-0.0047948473786242115
2019-09-19,-0.00815825130545727,0.004042645700960864,-0.0031779712283647424,0.018241132487604696,0.003003411710802744,-0.006751717155751738
2019-09-20,-0.014725797007756551,0.011751169204553406,-0.0040287895292222126,-0.011621805922323942,0.013124232255530707,-0.003462380162850661
2019-09-23,0.004536681345048411,0.005580782257567522,-0.00016829849460655254,-0.0021538669876921563,-0.00021136863565869772,0.000693633754185405
2019-09-24,-0.0047664205214395065,0.00527299162043293,-0.013124214854257733,-0.012729582032882897,0.011981745838406279,-0.013820216086340077
2019-09-25,0.01527212451841647,-0.01871950108116947,0.005694205927020744,0.014309807933532167,-0.014734954656914833,0.002947570197117523
2019-09-26,-0.005170650742486958,-0.0002821278180384957,-0.008254130430504792,0.0012907211420164716,0.006411978388862462,-0.00533998590664619
2019-09-27,-0.004878174122385016,-0.005161727926224835,0.005878514096867507,-0.013056438420378281,0.0024555807774943694,0.007160287057802445
2019-09-30,0.02326291292636448,-0.015647105922203676,-0.0002549507348693454,0.009394325037438398,0.002448869991322224,-0.01224593484549154
2019-10-01,0.002764149936517522,0.005457893373498284,-0.018350730726211524,-0.014197197867662416,0.0030056098969732056,-0.023790031594574483
2019-10-02,-0.025387434925000254,0.011606023170116823,-0.020105587092845035,-0.017813117513197866,0.002440785952021805,-0.026452906845370796
2019-10-03,0.008458772015686492,0.004520416059329575,-0.0014251118985273994,0.012032519652519641,0.009080447447160977,0.01228485060675982
2019-10-04,0.027646306590429152,0.0,0.021428445005576807,0.01341138496398971,0.007356389505653483,0.014457941361734093
2019-10-07,0.00022008852313224194,-0.00856363541098911,-0.0021834406287258813,-0.0072666304630030695,-0.008323116151979018,-0.013869986071404881
2019-10-08,-0.011783898443427551,0.00870459991703739,-0.022548209118205185,-0.01063092212789894,0.002690383158314459,-0.019596815122064976
2019-10-09,0.011651893051549098,0.0009156241246349503,0.007217405907484369,0.01876601978464927,-0.005664327598854899,0.011033508960247521
2019-10-10,0.013388404563683901,-0.008767683192965708,0.013930958168617556,0.0062018859504842086,-0.015006646992599595,0.011939038518009776
2019-10-11,0.026250770747912267,-0.005554769940672898,0.016757385627733195,0.004160735133032724,-0.012454032146581135,0.010639349639624983
2019-10-14,-0.0014406618409651484,0.003991150393420187,0.0026654219615370456,-0.0009308035108876763,0.007236531810870727,0.002895072925170873
2019-10-15,-0.0023342910393393474,-0.006995001671276604,0.029696376954256212,0.014371141967307564,-0.012161953430668865,0.003463251215958221
2019-10-16,-0.0040452543949531785,0.005713914835703777,-0.0023365182099069877,-0.008227871824923062,0.0012159265702089677,-0.017290617498300007
2019-10-17,0.003875017688017041,0.0014233647353723328,0.005582447000976308,-0.005140547045182481,-0.002432815690526367,-0.0013199460442358236
2019-10-18,0.0047915942451433454,-0.001067306413452129,0.0017434305731253304,-0.016456948909522023,0.0,-0.00780843804248858
2019-10-21,0.017193847275709415,-0.004781550075213642,0.02449840874001629,0.007395921224144922,-0.00755134059830767,0.01657522285121869
2019-10-22,-0.002289337577441643,0.0029287043785159624,0.009986457433851549,-0.014992974273978188,0.0058302291979973175,0.005078571389717696
2019-10-23,0.013329524184535342,0.002351027592914482,0.002640920710519791,0.006359161871962556,0.0010040609715483606,0.009507522610664487
2019-10-24,0.0016437002291879276,0.007090719694468963,-0.000719461514545682,0.019482854206074658,-0.0020096502356179735,-0.009507522610664548
2019-10-25,0.012241062642064727,0.0023289599557340403,0.00796611133735268,0.005629262223718643,-0.004896826080316032,0.002313295290867988
2019-10-28,0.00996721197709359,-0.008637230479381003,0.003801531534120035,0.024288702303892584,-0.009137994220438279,-0.008847806858530014
2019-10-29,-0.02339965040940377,-0.002776885194246242,-0.000632799461063805,-0.009476841713588539,0.000655645366066233,-0.0029178824582851005
2019-10-30,-0.00012339425742174793,0.005475210184932403,-0.00555188789305394,0.01238554703179217,0.01452802246500474,-0.010575726628284767
2019-10-31,0.022357914640363317,0.009948844935468628,-0.006463048939837125,-0.008611919377356132,0.01340002001234549,-0.002217723673397128
2019-11-01,0.027985497051919803,0.0009123470738276627,0.022792973191941814,0.0024383770606581203,-0.003082468348089953,0.029600476696281332
2019-11-04,0.00654553444283461,-0.0028801514371747305,0.007949481563251494,0.005758307509839563,-0.013249224759012142,0.02930792176730905
2019-11-05,-0.0014378385169455349,-0.016312331868591004,0.0021710575143064994,-0.0006226733643432414,-0.011310371086011899,0.01961892052041573
2019-11-06,0.0004276048561033198,0.004281068530555171,0.0015481531115272146,-0.002772585523712914,0.006033522424798284,-0.02213389019050733
2019-11-07,0.01147535077927967,-0.015643205521891117,0.005399080969395607,0.0013870301059289057,-0.018284831600685458,0.021039201242319765
2019-11-08,0.0027328204660521127,-0.0063847338065501705,0.002918564781900748,0.011715372270163085,-0.0042161588348706746,-0.019173746571551457
2019-11-11,0.007887631811391363,-0.0024048241483873045,-0.003534370831189712,0.0010271370668922353,0.0006674371161252047,-0.006094608298765134
2019-11-12,-0.0009158726265858506,0.002695874927586959,-0.005866639776420755,0.006549053210973903,0.004581572324312011,-0.013886105209681534
2019-11-13,0.0095361035204513,0.003994072881030811,-0.0052788677897790265,0.0016305015017741762,0.00646802237292724,-0.008250729467854403
2019-11-14,-0.006943527312820501,0.004194711040663475,0.0009337032873378161,0.005078535216963866,0.01027636880360545,-0.004369906093760453
2019-11-15,0.01180944417665917,-0.0025291110010524226,0.007205540884866899,0.012817449540128124,-0.001088280304461404,0.010022435219118754
2019-11-18,0.005029538218640202,0.002962025072169786,0.008379787675047533,0.002464309611372012,0.001813208427570732,-0.009730665313298331
2019-11-19,-0.003037271394058503,0.0005049030061831341,-0.00030618736520829793,0.0003322336480291399,0.008298309268544541,-0.010268663699154686
2019-11-20,-0.011709506924625404,0.0005045382424530197,-0.007301620202369706,-0.0017358461433818377,0.010295031210263365,0.0030918267810689697
2019-11-21,-0.004493476876217172,-0.005492097356825017,0.00231153960497879,-0.0009364073335868261,-0.0062788149478386,0.023820922311812077
2019-11-22,-0.0008786077874472731,-0.0018857951599790925,0.006596966766118098,0.0007357456865835246,0.0012871656123333252,-0.004315219737931668
2019-11-25,0.017382089822793854,-0.004803179633254922,0.005337874828171146,0.010903601969102974,0.002926824607559598,-0.006653303104644246
2019-11-26,-0.007839161918693612,0.004803179633255016,0.0013679916560541928,0.005276101262673217,0.005826924907891833,-0.0024699398880120476
2019-11-27,0.013342427629928579,-0.005314014225370608,0.002957679798880271,0.001905773889266947,-0.0029094746476257716,-0.0005821967228014745
2019-11-29,-0.0022051510028685936,0.006184806112979683,-0.0022742826220674356,-0.006190370622830163,-0.0021338274856251495,-0.008331310476401656
2019-12-02,-0.011629551225935985,-0.0005079436043828876,-0.0022032524177570375,-0.012162538910670392,-0.013422748712713579,0.0042474463188207955
2019-12-03,-0.017990839398188335,0.009534253178573626,-0.012938288006879734,-0.0016063134052225992,0.02075057796599847,-0.007923806879313594
2019-12-04,0.008787676213425771,-0.0013667767637935283,0.01953373962728759,0.003610368991437556,-0.01003540157229242,0.011279778536740623
2019-12-05,0.014564123101746129,0.0005757184354598549,0.005425862710282692,0.0005337229272770608,-0.004876147038872999,-0.003502059180762573
2019-12-06,0.019132015872016024,-0.009977704836757457,0.014770767344919286,0.01206592356778889,-0.005549965706888393,0.015951516794650265
2019-12-09,-0.014098839558821526,-0.0002906488870483782,-0.004676108528535048,-0.002573448554754849,0.0021660322283850865,0.0021558451112201203
2019-12-10,0.0058272045091815085,0.002830699660654389,0.0006692696747680158,-0.001520733296582591,7.225883155541753e-05,-0.008650750684725794
2019-12-11,0.008493308526452139,0.006861935627691577,-0.0023819763832088267,0.003764771813258123,0.007830195358625072,-0.0014489371684281579
2019-12-12,0.002544903975588214,-0.0035334849047766476,0.028216337518612182,0.010100345376804789,-0.0165950728340513,0.019813822553339126
2019-12-13,0.013501937071941424,0.004468872836715887,-0.008805527187354861,0.008382877523589091,0.011501801297920564,-0.015906230779900978
2019-12-16,0.016973117857910454,-7.198939739749056e-05,0.003866562950960728,0.0064503649121846005,-0.009031166814768668,0.011060886933193934
2019-12-17,0.0019634823540362035,-0.00021577975709612248,0.006097460328958198,-0.0054152986531846355,-0.0013796133185108139,-0.004581734253755807
2019-12-18,-0.0023920213871983977,7.200493236905694e-05,-0.0010135128405498932,-0.0020709967807358482,-0.00824651697534275,0.002723080042651086
2019-12-19,0.0009998647343896865,0.0025862126377012157,-0.005011061544522098,0.008643006923339377,0.0015988288418080485,-0.0068937779969728144
2019-12-20,-0.0020733743393215156,0.0010039397404910592,-0.0008011193805803664,0.010858373310301626,0.001318174313385445,0.007895026595049471
2019-12-23,0.01618687669476101,0.003077203372165587,-0.0002917437555333949,0.0,-0.0014649137669481985,0.0049915473082217015
2019-12-24,0.0009501699068324889,0.009387789011397068,0.0027660740507436388,-0.0001904239429809713,0.0028545870973348524,-0.003848407136765082
2019-12-26,0.01964627414403503,0.00782659080315549,0.010556328415832584,0.008163257506821127,0.00240809370335285,0.0015697589387799376
2019-12-27,-0.0003797458388547865,-0.0003512560225688557,0.000718679622872923,0.0018261952765077734,0.0010935307707058924,-0.003428170111067866
2019-12-30,0.005917806271085255,0.0021055808220621446,-0.003672080665043225,-0.008656226264376156,-0.0036480984644153194,-0.0058836286222987665
2019-12-31,0.007279838016125745,0.001891143454574884,0.005538531108956174,0.0006977935887649865,-0.009842390579262016,0.004308547029213705
2020-01-02,0.02255963354491873,0.007320953634035891,0.012050905032482743,0.01834667438001697,0.011229813762791701,0.015922962897700944
2020-01-03,-0.009769461878761548,0.013181265882528811,-0.013284214145885905,-0.012529782312239933,0.015283118914125622,-0.008071888821793358
2020-01-06,0.007936874416663034,0.010434868967011986,-0.0007956145629817155,0.0025812234125857296,-0.0056945905573513355,0.007648470911488461
2020-01-07,-0.004714312931513131,0.003927428056507489,-0.01714687202597646,-0.009159341187298385,-0.004927840314074644,-0.008217645085257786
2020-01-08,0.01595822469940026,-0.007529802584635164,0.007770989255426874,0.015802966386138043,-0.0066331044745543,-0.01519502862838771
2020-01-09,0.021018485656163738,-0.0056676844863565315,0.0036444449313246742,0.01241563801530653,0.0035043132440244545,0.00762641127320852
2020-01-10,0.002257958218495422,0.006008107616788398,-0.010018005844119304,-0.004637806362090978,0.008851822254641054,-0.008927294614053012
2020-01-13,0.021139282562335417,-0.007447144703816296,0.008270269806598405,0.011952588558194666,-0.003038495586293092,0.00950035850411156
2020-01-14,-0.013595193491585904,-0.0008919411826434922,0.011594265706440128,-0.007067937861726916,0.005130803726622655,-0.00863281782535816
2020-01-15,-0.004294592752634658,0.005817289492435278,-0.015099059153934549,0.006455258169423182,0.006609769070178876,-0.0015911638783322943
2020-01-16,0.012448551098322588,-0.0015707412123407796,0.0038691055100606928,0.018157536237704542,-0.003155766083560176,-0.003915379782671225
2020-01-17,0.011010181309888569,0.0018437252860089575,0.00689773669933197,0.005581032140415106,-0.008584806713241223,-0.0037852016449208483
2020-01-21,-0.006799869616200411,0.0010909837309721073,-0.009889360855317043,-0.003597114224095154,0.01045112083027593,-0.014397460104110457
2020-01-22,0.0035629340983614954,0.0003405975107135845,-0.0011698409236150147,-0.00481617493803298,0.0035068590280316497,-0.005787359429797247
2020-01-23,0.004804384144539156,0.002245598875511729,-0.0010249802992496606,0.0061368606711223505,0.006977484499835388,-0.006270459859947641
2020-01-24,-0.002886197555185337,0.0058285535187767275,-0.02514140972828683,-0.010127950871203776,0.008056113486871873,-0.0067624113525828625
2020-01-27,-0.029846126845839073,0.006802125843070944,-0.008446952324910615,-0.016864669835301306,0.0154344999547302,-0.024112497175841935
2020-01-28,0.02789648837596881,-0.00896686803661793,0.018014443000877574,0.0194063144996858,-0.00786223418513635,-0.0013910124312702284
2020-01-29,0.02071647527530879,0.005403248480831511,-0.0014888538993538252,0.015472279019125403,0.009732099765249577,-0.008387819196045844
2020-01-30,-0.0014502708274630538,6.731894098032181e-05,0.012291131340311841,0.027817112943854125,0.00013807257361340378,0.010551057647356477
2020-01-31,-0.04535163876672559,0.005775708477189364,-0.026320594262956774,-0.01486833602691497,0.00908882132446769,-0.0420831720488747
2020-02-03,-0.0027501333216264317,-0.006516877595597702,0.007601789705948778,0.024086114958223714,-0.0008108632199259713,-0.022630473740980695
2020-02-04,0.03248047791018028,-0.013094308186782415,0.014293479285749021,0.032386852958040106,-0.013558348965922156,-0.012593311242420972
2020-02-05,0.008121244443965673,0.0012285555646719122,0.01685766276756752,-0.0012228198771678301,-0.010994637430062782,0.04499553779962215
2020-02-06,0.011629029072254594,0.005373934234125879,0.00014502866811847822,0.020521900643251042,0.004495804252258427,-0.013642821212358006
2020-02-07,-0.013686062886288548,0.002642363450658169,-0.00320215090466873,0.0014147535232273164,0.012401091360747392,-0.006647929961120307
2020-02-10,0.004738504129999979,0.0025679490647931946,0.00414669522157344,0.025820854187025535,0.002765656107786853,-0.010617317368649369
2020-02-11,-0.006051742108773356,-0.0034478924308700464,0.0018858978066158176,-0.02283412573834468,-0.005052752189531059,0.009461609566371106
2020-02-12,0.023470182598905334,-0.000813078481224605,0.0,0.0014628370366681395,-0.00507903803474285,0.012151262922307409
2020-02-13,-0.007146593991023123,0.005677303718111386,-0.0008697778257373286,-0.005428494203246799,0.003828824087584695,-0.0055646592694940916
2020-02-14,0.0002466101792984127,0.0041697222765956264,-0.003050942118977495,0.008887644530326914,0.00436799650390741,-0.004605973190962536
2020-02-18,-0.018480597195185217,0.012737350951843347,-0.013328830824677049,0.010091497899019034,0.006825404307974294,-0.012777148228255769
2020-02-19,0.014378972782253257,0.005814285510176441,0.013546799343338599,0.0029947152523683174,-6.831064750480089e-05,0.007652776466437009
2020-02-20,-0.010312021761518833,0.0040763395182913265,0.0,-0.015389042470843549,0.007802660603633626,-0.007986906647194139
2020-02-21,-0.02289481615063869,0.014913455926308593,-0.012293961181767022,-0.032123014509471914,0.009297715586955675,-0.01227001983263254
2020-02-24,-0.04866585832099208,0.008945002656717951,-0.027243710801446785,-0.04407280427256169,0.01481796114166634,-0.04797880154100516
2020-02-25,-0.03445908569583621,-0.01803593472393269,-0.0456701759922724,-0.016639195636051343,0.005310167698621922,-0.03907887800271448
2020-02-26,0.015739016633307536,0.004360980385151266,0.0030052429703911984,0.012417106925638167,-0.0053101676986218906,-0.022200277984194654
2020-02-27,-0.06760244983936285,0.00019481624361363943,-0.0425045843579971,-0.07306420972713594,0.010790094390615412,-0.06206421016804675
2020-02-28,-0.0005851370514740425,-0.03717601874476564,-0.04430560144249106,0.023924288111819562,0.022331868158605515,0.03199989609531379
2020-03-02,0.08901813772136954,0.005511083646655957,0.04554076963982943,0.06441912356772955,-0.007383870610631701,0.046343303237117744
2020-03-03,-0.0322743390746356,0.030950390194086082,-0.03824685644574487,-0.04910571968762296,0.015405365074975638,-0.04906854953446299
2020-03-04,0.045341074887540286,0.001752990351755443,0.02440886963425729,0.03605735589040557,-0.01067477838040774,0.021597374987719197
2020-03-05,-0.03297510878395141,0.02137095120457447,-0.050305460248235956,-0.0254156927672701,0.024586730632774292,-0.045067670287192094
2020-03-06,-0.013368490826043366,0.0003808885074389379,-0.05306362489845999,-0.028674259479235246,0.050735266403864256,-0.04949880328804709
2020-03-09,-0.08239565752031927,0.0016488747161249012,-0.1455522877310876,-0.07017856037786635,0.02674227977148408,-0.1303909530922136
2020-03-10,0.06954619356021836,-0.02132715182628954,0.07482592185874667,0.06614711044602786,-0.05261899776845495,0.036359246087851425
2020-03-11,-0.03534791101852908,-0.0035667044227174947,-0.048214155996594746,-0.04636025849423922,-0.037491235054403146,-0.033496734218170204
2020-03-12,-0.10397781632411694,-0.04070560424243849,-0.08602645166327351,-0.09964144253958634,0.006177368323102219,-0.12142242381466316
2020-03-13,0.11315749037293832,-0.030991552565300756,0.16562021030482113,0.1329289930639807,-0.02286199900293464,0.02496788463631726
2020-03-16,-0.13770802357489148,-0.011512126298224866,-0.162105448917453,-0.15945349441806167,0.0627539483582781,-0.10006928179241364
2020-03-17,0.0430307593918071,0.01346442633870517,0.05931884453344638,0.07912205336417893,-0.06900984747647614,0.06509985618633199
2020-03-18,-0.024784418261229964,-0.02012310684271081,-0.11123217854871734,-0.04300807267063525,-0.05806638165157668,-0.10563206729961153
2020-03-19,-0.007691620522922949,-0.019086492837834465,0.016668169852972287,0.016319469244645682,0.026861399491794287,0.038791113609267645
2020-03-20,-0.06559037029002682,0.014884383146683595,-0.02132778936084851,-0.03828206002375659,0.0725028261307179,-0.05033082907213203
2020-03-23,-0.021472996890720426,0.043231496146295734,-0.05501928519031346,-0.010024668704805,0.0403823780728422,-0.04019870849569629
2020-03-24,0.09560583682720974,0.04738952025925046,0.11238396256949278,0.08699919783664647,-0.01878933593162113,0.11944223355524304
2020-03-25,-0.0055239098139489235,-0.013784208180364264,0.03663812684278622,-0.009618808514458465,-0.002274118969268308,0.05088392285547238
2020-03-26,0.051285289720277,0.012740714714697083,0.06734162631589802,0.060672502909018725,0.0049097677950039765,0.04021049501871147
2020-03-27,-0.04228396205651206,-0.006481449089244014,-0.07390406995006524,-0.041927385914957455,0.026342438200557552,-0.0493700379566442
2020-03-30,0.028138400971943537,0.004390990264267052,0.02567426454647318,0.06797707724620858,-0.00826305607764406,0.01477524819851364
2020-03-31,-0.002042695674689294,-0.032364821693651916,-0.037818582778414836,-0.015852192257959658,-0.008149843727712306,0.012455598143651221
2020-04-01,-0.05405200753148574,0.009411793149400162,-0.0650492981576418,-0.03615416571227505,0.013913347832548521,-0.011655676854730531
2020-04-02,0.01654908610306638,0.01626050111056189,0.036659787200935795,0.020497105092020983,0.006326086778079884,0.07368895726766334
2020-04-03,-0.014475840135830741,0.004925309776577716,-0.03000357754390738,-0.009252920614917563,0.0023766704019834556,-0.029897702702077877
2020-04-06,0.08364011423869024,0.027333533815435216,0.062379660325303954,0.07173242112901443,-0.0026148081087654235,0.03162907090866891
2020-04-07,-0.011649863229060163,-0.005368871400719198,0.013104074286535494,-0.010828927063766407,-0.010527607780948479,0.018847926359874752
2020-04-08,0.025272375554301875,-0.008947881947437637,0.039585640967881974,0.009981403859675041,-0.00730250033852621,0.06136585679602509
2020-04-09,0.007190229228811728,0.02578816929506308,0.08591491938244435,6.046414824808741e-05,0.001815376489567055,-0.016555755331077674
2020-04-13,0.019437677971886586,0.016995105513929017,-0.04549178997163404,0.002237899595129177,-0.009172141774607172,-0.008616336334735436
2020-04-14,0.04926913525986686,0.007837301543346824,-0.02777812789130662,0.04829811599667748,-0.00024383389998377877,-0.007747022631993317
2020-04-15,-0.009169231929576442,-0.005115017933585634,-0.05057718006045474,-0.01053300257557788,0.026144737582195494,-0.04704761013693302
2020-04-16,0.00791430889777595,-0.0008653689753940822,-0.038855035192718365,0.029579219883940407,0.011292886086841095,-0.03340760458034202
2020-04-17,-0.013661547998560319,-0.019608466717140425,0.08607585554597048,0.008772930082018925,-0.013495790202416726,0.09890287916137475
2020-04-20,-0.0209750368889059,0.007100853720992193,-0.03713867364599231,-0.020020087072262077,0.008013118843685637,-0.04835062234306515
2020-04-21,-0.031398464862049606,-0.006848673348053854,-0.02943309504203876,-0.04223660768735193,0.012512873346530482,-0.005356742755766869
2020-04-22,0.028396362848736006,0.0194798889508458,0.00325132366982495,0.033400937331571026,-0.010269062257643463,0.028164093776789523
2020-04-23,-0.0038825904347972342,0.009905643795524405,0.0005595130084635927,-0.012176099676367194,0.005294275640724383,0.03085055715893111
2020-04-24,0.02846067980245034,-0.004294729942651925,0.014658533694935104,0.018094555622025776,0.002344079120071618,0.006423665308569334
2020-04-27,0.0007067613009079807,-0.00666258998355511,0.042201290918686685,-0.0028687490419697266,-0.01878952478787169,0.004790729149043359
2020-04-28,-0.01634236270059514,-0.004466516323334757,0.0070561096995044635,-0.02466239862455912,0.011445892269325846,0.02317057084100731
2020-04-29,0.03231746321391749,0.005518192454017435,0.02661291616942095,0.04389588720702656,-0.005202409505730169,0.053891501320082635
2020-04-30,0.0208768103170596,-0.018282683683788697,-0.02169275239843165,0.009982369918920106,-0.011745424639837763,-0.02108015786451935
2020-05-01,-0.016230809367841156,0.0061522933833428935,-0.026560947861577217,-0.02623243501924701,0.008526418576373925,-0.07435613431300722
2020-05-04,0.014049867818184488,0.003498676361159418,-0.011974958014154541,0.02416561377133562,-0.0047147602920265125,0.03954145564688237
2020-05-05,0.014897231521573354,0.004232069630406605,-0.0015206671556956268,0.010678212405629117,-0.006421287192060973,-0.0011146144125459287
2020-05-06,0.010264694632998674,-0.012938939248234135,-0.01898366045142837,0.009799460927381832,-0.016267838778470718,-0.018915217188052683
2020-05-07,0.010291684962158409,0.015234124108560072,0.010359508230117428,0.005790161216573593,0.016568615022255213,0.005666796866882049
2020-05-08,0.023522727381264416,-0.006028427741239837,0.0162040866707044,0.0058648774840247345,-0.013086385413581939,0.04291738464496759
2020-05-11,0.01561273101449546,-0.006253147010599243,-0.029892257823999825,0.011092760843622288,-0.007836899012053386,-0.009573547960531661
2020-05-12,-0.011494011690470807,0.0038815245238018456,-0.03322304075516486,-0.022912348933028504,0.01021244097290122,-0.01685604411541594
2020-05-13,-0.012147522952111474,0.009576645345897673,-0.035079000653826534,-0.015237822602550494,0.006972260706290505,-0.050911572944334405
2020-05-14,0.006124730844293229,0.008811127536123346,0.04069300414588231,0.00432995162376177,0.00973914325271059,0.008785115939699273
2020-05-15,-0.005929840647839283,0.005627947839551041,-0.018683208746562065,0.014463180396658181,-0.0025754533989080703,-0.007117299860263819
2020-05-18,0.023287736097207874,-0.007592898231851983,0.051613094864374244,0.009508997753167497,-0.0221988796609751,0.07652020351413293
2020-05-19,-0.005794949199245645,0.009603940342589153,-0.0198752790925632,-0.006946285863715127,0.003733858111476518,-0.03136463165533229
2020-05-20,0.01926139566785299,0.0023714668825757603,0.02955777378811581,0.013775099968131446,0.0029897741717822284,0.03202610745393558
2020-05-21,-0.0074833411647222976,-0.014683616168536867,-0.012782709741127973,-0.012083771881437222,0.0024947130105741765,-0.018014589047962864
2020-05-22,0.006417729011653067,0.005899400714775776,-0.007793344476171945,0.0004363421219644914,0.005997553983094014,0.0008971182116128468
2020-05-26,-0.006796399659763743,-0.014316858429627,0.06856811771636365,-0.010628103630801371,-0.013499785336030627,0.028949181957639552
2020-05-27,0.004347315389744448,0.001800809585778032,0.05630567205646317,0.0013207955139938699,-0.0018389785182561015,0.0071622443591642816
2020-05-28,0.00044009970436820195,0.0033447448656947374,-0.01500802084282945,-0.002257272439196894,-0.0036868135925270063,-0.02629404187734508
2020-05-29,-0.0009746892633217282,0.007331471236597383,-0.02586736408163988,0.010146404290353331,0.007115975943384197,0.00950188670502066
2020-06-01,0.012223048619772135,0.004593203918142176,0.013169427936550238,-0.0022945856290214864,-0.006755634208810723,0.01765679860347286
2020-06-02,0.004618715222419254,-0.006497892824854574,0.0033410761666309513,0.011312514431828803,-0.0036422756410638647,0.022011897047141026
2020-06-03,0.005489964396307991,-0.01862251139241922,0.052571277033127535,0.002430744291415598,-0.013386180817664345,0.039984775129736014
2020-06-04,-0.00864956840950081,0.010471254055873179,0.020597853266695866,-0.013251049720949402,-0.014585102835707466,-0.0028474497387170634
2020-06-05,0.028083162754672358,-0.02048368991541374,0.04401893487287599,0.02312874624220261,-0.007148955061127773,0.077941297089817
2020-06-08,0.005895085237278018,0.010764002439043798,0.01976186055056564,0.0061776333165309665,0.003836453087445492,0.03079452384115195
2020-06-09,0.03108949631646709,0.009595645355064148,-0.025985020852971503,0.007615751970585034,0.011294709437334533,-0.022539374174875716
2020-06-10,0.025402231367687447,0.014223142854853236,-0.04137216201895035,0.0364202988327729,0.014717782562902173,-0.05511598352154923
2020-06-11,-0.049201378487469805,-0.007240232329265166,-0.08713171028180447,-0.05519383253139342,0.018724399032633433,-0.09239269763415987
2020-06-12,0.008596474231925617,0.0014153150353447643,0.026995911177078318,0.007860676925446165,-0.009687555826537471,0.021211228791367474
2020-06-15,0.012291546138936248,-0.0017848491512042477,0.013723450225482312,0.006371584378979321,0.0005545996930093549,-0.0006359158704952734
2020-06-16,0.02615683731139666,-0.0004929560183834836,0.007968084295439897,0.024209596370365415,-0.015452364836882993,0.022236845740905932
2020-06-17,-0.0013924249942908324,0.0019087937874243815,-0.025604289817290765,0.003455205449341299,0.004118787434572711,-0.0331149764899899
2020-06-18,0.000398110260864624,-0.0019703951105462295,-0.005442716480227555,0.010651603655601064,0.010532194658172959,0.006199926198528835
2020-06-19,-0.005731043284857204,0.010972576221366465,-0.011487095100389243,-0.005977596266152507,0.0008013827441373891,-0.02023743097606661
2020-06-22,0.025827335594481676,0.006441427074830093,-0.010896537945522686,0.027394846083994975,0.000122860747827106,0.009523922709009654
2020-06-23,0.021120295813078463,0.008384398864595731,0.01212274850026344,0.006658868456149416,-0.006857857525656432,0.006013941458488587
2020-06-24,-0.0178097427897543,-0.0034899960158010397,-0.03396163191010457,-0.02036354080889864,0.010667939971106887,-0.04825496049150217
2020-06-25,0.013188104301423323,-0.0006028992986150158,0.03426767864020678,0.012557430683460614,0.0028789291478172633,0.014943634000402556
2020-06-26,-0.031207891847050456,0.004453219386376934,-0.05637786646179076,-0.02021896551732193,0.010646763178508588,-0.03491736885475059
2020-06-29,0.022785426706631293,0.0005403343600226875,0.004418560112065158,0.010689750054653405,-0.003152025063675813,0.01592020148797755
2020-06-30,0.008312945645451552,0.004431086497931087,0.011333147802640284,0.025228233362249674,-0.00486834269256505,0.008985084276905538
2020-07-01,-0.0018933050500213493,-0.004491160110102202,-0.008541642480185548,0.00583042399664853,-0.0019437610206665197,-0.022843941017685616
2020-07-02,0.0,0.0021582779375089872,0.0032432161174068166,0.0075920507886755835,0.0010397506276785837,0.0084294170680096
2020-07-06,0.026398623499395965,0.005970880083946397,0.0249396927155094,0.02129787833187773,-0.004104012063590595,0.007007937618933766
2020-07-07,-0.0031076244006807423,0.0062904343270385864,-0.028615962523766393,-0.011696198609709859,0.013958037007539364,-0.026248229579381766
2020-07-08,0.02302296894802433,0.006192353605402356,0.010559347823863054,0.02175446265722146,-0.004003020850966881,-0.0023151457983405246
2020-07-09,0.004291084909158639,-0.002708063902871328,-0.021888150305542062,0.006976669981165532,0.015796659338420484,-0.04213667825958381
2020-07-10,0.0017478135140491368,-0.0025972650920347735,0.05322456658800526,-0.0030374699880499553,-0.00503730287364498,0.03071314608624644
2020-07-13,-0.00462398108312717,0.0012403879870823366,0.014233182409376396,-0.03137586191893611,0.0033012034627645788,0.00023437255939452587
2020-07-14,0.016413011441786078,0.004652728164010819,0.005718127949780459,0.0061622842122645806,0.0014374834191189483,0.03251777581689896
2020-07-15,0.006853971665520711,0.0008809438623464781,0.015358559364101866,-0.001488883567665406,-0.004678672842867166,0.012626821577984703
2020-07-16,-0.01238152313147985,-0.009496639325154646,0.0028036958089591893,-0.020002681968561302,0.004738296517237889,-0.007873679141170526
2020-07-17,-0.0020220570084971863,0.008204262794308569,-0.018671325107233305,-0.005113033560433232,-0.0020966421966184244,-0.017312149256718763
2020-07-20,0.020854794635859736,0.004808590336846309,-0.008799676086882514,0.0420830121756377,0.002455375806851508,-0.02371659919402124
2020-07-21,-0.01389789602596642,0.011978962477666387,0.021453376191178063,-0.013560298243425232,0.0005976390398753269,0.04935043829488131
2020-07-22,0.00280553720382602,0.015087942737564555,-0.0072687983093035055,0.014268905984260769,0.002984761621327577,-0.023567874656615178
2020-07-23,-0.04658478013459923,0.008786586410813348,0.0029341825484937257,-0.04446885838037394,0.01161344942423522,0.0020615934936997586
2020-07-24,-0.002480237709006204,0.008542281441677423,-0.007097341237324539,-0.006141105179719041,-5.89134377468624e-05,-0.006197799429025703
2020-07-27,0.02342346510311539,0.019561196964697852,-0.014141206676186424,0.012588111166644886,-0.003718350378244106,0.014629248310985655
2020-07-28,-0.016563789090007938,0.008306536040413818,0.004325030200945267,-0.009017792180316968,0.006894929093394647,-0.011869765726973526
2020-07-29,0.01898675841924813,0.007482169283186,0.02396075352424028,0.010047315321855392,-0.0017045732812290143,0.01096141115440977
2020-07-30,0.012027723117718487,-0.007427778888433271,-0.027048073410540763,-0.0007842315107854337,0.006567286467479609,-0.05030190350087116
2020-07-31,0.09956347027996632,0.00904688435302792,-0.003924199095648377,0.00542896118771217,-0.0006438142369224244,0.005003427084075923
2020-08-03,0.024885233639395106,0.0011318982444248418,-0.005603535346950397,0.054716535901447524,-0.00504709129940023,0.004031681328928266
2020-08-04,0.006656100649561452,0.021054515412853636,-0.005739526368258107,-0.015122615817420658,0.009486994205570108,0.028466238829578397
2020-08-05,0.0036180872905259647,0.009240417270834574,0.017223600673602756,-0.0016420713432463464,-0.008781290882937689,0.008704219584616315
2020-08-06,0.034294469947701994,0.013186741026147062,0.0003086743327717082,0.015886873280134998,0.0055704029021999245,-0.004800755411280839
2020-08-07,-0.022998270138334824,-0.016012829047696152,0.021768768461901983,-0.01804953925562789,-0.0066877345633747694,-0.004593189033671993
2020-08-10,0.014430288516654344,-0.003464953471448027,0.012598995665282522,-0.020108688953783455,-0.004484379811537002,0.024333060355281783
2020-08-11,-0.030191010704342196,-0.0551897267189793,0.031108859163166188,-0.02366307225460584,-0.011956193245103271,0.010281632377537403
2020-08-12,0.032693866344379936,-0.004679132411383586,-0.008512533816451874,0.028167041634206174,-0.009137250083696051,-0.00022677705993580879
2020-08-13,0.017542689451714777,0.023343474417206585,-0.005552468137662906,-0.002345284984111997,-0.010746494580175006,-0.02480035242296063
2020-08-14,-0.000891713736156619,-0.004318527254207777,0.00039071891106045795,0.0009576410141692439,-0.003914704496683494,0.0044080635758671225
2020-08-17,-0.0026141568206939653,0.021461948775391655,-0.026718430218456546,0.006584297244999342,0.002509740055073011,-0.013047587929492411
2020-08-18,0.00829827460374251,0.008967673573403242,-0.014038541361231676,0.0057377844264775695,0.007126213934364333,-0.004937550764607772
2020-08-19,0.0012539441147291185,-0.03207438281593018,0.002336523433612413,-0.0060853405524601625,-0.00627149238379909,-0.011138693063378417
2020-08-20,0.021947026104361705,0.006890137653281628,-0.012045763412457701,0.023004651856978836,0.00899929293582199,-0.015370073440382388
2020-08-21,0.05024845020086745,-0.008043165542872153,-0.0005138229979798131,-0.007296459394524807,0.0059743472160940425,-0.0075308525178354735
2020-08-24,0.011889401772133181,-0.005674470685927035,0.027765676803016878,0.003140194424223946,-0.001626035709338772,0.029078020692211666
2020-08-25,-0.008237357344468633,0.0012147382641175607,0.004387648255447868,0.012925667649072445,-0.007683121550385758,-0.03225292969146988
2020-08-26,0.013507339222039085,0.011739667325137685,-0.014129129516469843,0.021389054409797145,-0.003833470082474426,-0.021511540677912194
2020-08-27,-0.01202648289066755,-0.011629286747359606,0.03236983187668746,0.02425690853478547,-0.01715517817291828,-0.006771125018491805
2020-08-28,-0.0016210611343989664,0.017230926299239998,0.004094771422644474,0.010231036919668637,-0.0007445851386548367,0.023624088826167317
2020-08-31,0.033349666265002804,0.00238341719432408,-0.025424712818522783,-0.014875848319030828,0.006618486759220255,-0.018604131675220133
2020-09-01,0.03905980260263342,0.001189581722410416,-0.0004991819358310017,0.007685751740829596,0.011372891206419548,-0.012851521357857174
2020-09-02,-0.02093596868080197,-0.013218610873058246,0.01496618836149071,0.0190885656123699,0.009475613604826186,-0.006105295805106043
2020-09-03,-0.08344793221845678,-0.008137254873336977,-0.0031528679445485155,-0.06394853370208188,0.0028378185518302093,-0.0020433693047152745
2020-09-04,0.0006616070097162126,0.0027564932922231992,0.021382091709932362,-0.014135360332082132,-0.019171534707439698,-0.0007674635463204216
2020-09-08,-0.06966636415546124,-0.0019287808618004912,-0.03539484796541602,-0.05561393672046543,0.006125819181740789,-0.023298886884438683
2020-09-09,0.039111710084840365,0.009661434230238847,0.009462625355640871,0.04170188358431246,-0.0026905075177365216,-0.006042216575364682
2020-09-10,-0.03319058519561678,-0.0032283485242562797,-0.010363902483327152,-0.028418173117230723,0.005069662482940636,-0.0253515531556398
2020-09-11,-0.01321577590764576,-5.4861557792618405e-05,0.012344798642936198,-0.006546261568726349,0.002130452402338846,-0.0027063540704797906
2020-09-14,0.02955887710354754,0.00786160327773618,0.013756623166616126,0.006740872688854736,-6.0773135956877764e-05,-0.006525264324547024
2020-09-15,0.0015588404088832273,-0.0023956152677241513,-0.03162581848345432,0.016273157753677096,-0.002434826216614558,-0.01069526528256775
2020-09-16,-0.029957706904567533,0.0028305733071044767,0.0042213897798121635,-0.018027266878086902,-0.0029916556528513873,0.04158264953298675
2020-09-17,-0.016092480914703285,-0.005505121062685115,-0.011500005946255897,-0.010491147439829724,0.0030520349486684206,-0.0002649507952059505
2020-09-18,-0.03223397154321786,0.001310849171618332,-0.0021331036096152497,-0.012497229764189263,-0.0031129250179735223,-0.016268956060107812
2020-09-21,0.02987511387192982,-0.020291789448272826,-0.03139767225525972,0.01067205531368453,0.005061099234931183,-0.02064720245151197
2020-09-22,0.015593303800259754,-0.004858095828927072,-0.010971910746625253,0.023808127817548277,-0.0007907241739356553,-0.02501533349026974
2020-09-23,-0.04285120174993794,-0.021843335368817322,-0.016363049236216228,-0.033482789060428605,0.0013385394565397233,-0.032611540991902346
2020-09-24,0.010216429866055005,0.0037119030895910897,-0.0008627437866574026,0.01287859817527012,0.0038226647811356027,-0.002037495676873339
2020-09-25,0.036829653535280955,-0.0028540460781505306,0.008703500935200567,0.022530935876037557,0.0,0.009280632324512008
2020-09-28,0.02358845397733266,0.010010290107421884,0.028373035547696913,0.007764927193923948,-0.002850639553856631,0.01915743706642161
2020-09-29,-0.007596621106173582,0.008397048385655496,-0.008459269703908544,-0.010463256987751643,0.0011531215581762173,-0.029604428399710087
2020-09-30,0.014963452825803436,-0.006022969047958764,0.009602227519080256,0.014703758728447324,-0.009631120690651519,0.0014577537279601529
2020-10-01,0.008426388588672671,0.008880963695329078,0.007245081248924078,0.01007585793206041,0.0016476976214443095,-0.035580363188627714
2020-10-02,-0.03281261170560694,-0.0008957769408936138,0.009442565889378429,-0.029955539796332614,-0.0037407022648494707,-0.004537995184554578
2020-10-05,0.03032650512340561,0.004861081696310086,0.020916365091714018,0.020117526114246595,-0.019732828422134138,0.022782585925754113
2020-10-06,-0.0290884254034071,-0.011830479550692698,-0.010352581656924775,-0.02147644654124209,0.0053751170060310615,-0.010427560939766958
2020-10-07,0.016824764830979125,-0.00045132478533539146,0.017294799949755482,0.018858486964532746,-0.007319435887570697,0.003289111942671388
2020-10-08,-0.0009563831484120434,0.0035486272055745486,0.02034725693116686,0.003567787000956965,0.005385660958552845,0.051203562148256825
2020-10-09,0.017246321552434395,0.0179983999668155,-0.005714871560287858,0.024533017133341113,-0.00018743477915511824,-0.014857158062204865
2020-10-12,0.061584662350347784,-0.002875813691634357,0.012178742116168942,0.025572491874179207,0.0031804062004627187,-0.0031713866248792963
2020-10-13,-0.02688562256215345,-0.01585383405158326,-0.016337560215475874,0.0065727887633082295,0.007135347591795438,-0.011910119153641383
2020-10-14,0.000742812134643202,0.0030899939936110464,-0.0055721906348762465,-0.009014655082262039,0.0022844758849546593,-0.002047697745000676
2020-10-15,-0.003968337867612491,0.003639489400711449,0.014856116486824564,-0.005448248153545302,-0.0017288134898023136,0.00874617924240071
2020-10-16,-0.01409964615257403,-0.0034712263457632483,-0.0020663177040927674,0.0,-0.002783716631571941,-0.01021148204802509
2020-10-19,-0.025873537966288742,0.0005046193567768562,-0.016989369433177824,-0.025077161007296664,-0.003787331194729676,-0.020143035775491966
2020-10-20,0.013105534312989964,0.004809318137998378,0.005695283239434701,0.0020049964317108127,-0.00956096000224428,0.008343520456636526
2020-10-21,-0.00546133403330581,0.00750319529892231,-0.01001317867320094,0.0006987143421123464,-0.0034605101952203143,-0.016153290225826084
2020-10-22,-0.00962942578492742,-0.009849030639627157,0.03471300214990322,0.00041884599784730445,-0.010451477896171778,0.04999563638561268
2020-10-23,-0.006152762338455729,-0.0010630400237792174,0.008999053020388248,0.0062163087593263035,0.006094285950243429,-0.020284822902147674
2020-10-26,8.687297194521067e-05,-0.0005039129828936211,-0.02506828859251259,-0.028854082330818234,0.00926048302806221,-0.023997667467480454
2020-10-27,0.013382490559971282,0.002628864176270774,-0.019046236329233867,0.014976773970220415,0.006687071918533386,-0.016019549791347995
2020-10-28,-0.04741882246636472,-0.01627516884164325,-0.028490232497065494,-0.05083676786469089,0.0009336976401911579,-0.03883093906840797
2020-10-29,0.036380551711417394,-0.004153341326592121,0.006504432436058319,0.010014795151155302,-0.009754739795915951,0.043390934211676745
2020-10-30,-0.057648433309872585,0.004550651041840146,0.008913636793205365,-0.011051586783092437,-0.009914765299319665,-0.010672540003057255
2020-11-02,-0.0008270534897811327,0.00965812884851217,0.022291611280453018,-0.0006917920904297772,0.007462790366152002,0.04114081956367471
2020-11-03,0.015236952786930756,0.0056609432999779495,0.031034511414926275,0.020061285556472522,-0.005818535136426925,-0.017211073918347124
2020-11-04,0.04002462999828778,-0.0005590140649358909,-0.031034511414926233,0.04712103665024493,0.021460724312130197,-0.005402317158834789
2020-11-05,0.03487856897288731,0.02272377169905575,0.040083552306432325,0.0313890911349617,0.0017366401042089635,-0.0018073255069599775
2020-11-06,-0.0011367725933971126,0.0014203529597109255,-0.013410087909925596,0.0019238463617087195,-0.012158612495197778,-0.011827037943028522
2020-11-09,-0.020170181861913956,-0.04528085614346527,0.1269781148544873,-0.02411269851679379,-0.021239368228786217,0.11920543964163738
2020-11-10,-0.0030135230408779566,0.0033073065556014952,-0.003255899499776554,-0.03437692759006272,-0.00578339105562693,0.021943007906666902
2020-11-11,0.029901280985523877,-0.00433598220930235,-0.015045547220426277,0.02591587779988916,0.0036025520902426183,-0.010362833860237562
2020-11-12,-0.002346051606426652,0.006042387508780373,-0.012360436957616528,-0.005138988803086492,0.016874081032537683,-0.034866210240966505
2020-11-13,0.00041943084815874055,0.006796565090032186,0.006243063098428211,0.004954316364562237,-0.0013265475653866277,0.02384076476831579
2020-11-16,0.008682571077209801,-5.650286865533134e-05,0.027835016085945276,0.0033199981517592395,-0.0024053677259149074,0.05604918840433752
2020-11-17,-0.007593372383693537,-0.0036759204841880807,-0.010196859134568964,-0.012833538032336687,0.0065067089259114004,0.013275833750487033
2020-11-18,-0.011456446309343745,-0.005738783845972931,-0.007434583194759434,-0.01327133276304382,0.00289282311832897,-0.03848640915293387
2020-11-19,0.005154780662015475,-0.0018822296869570197,0.0026863969677846135,0.006328156379360808,0.005135023057350504,0.005093217400265048
2020-11-20,-0.011017992417807713,0.003021229432643738,-0.008604117938471375,-0.009602471483914217,0.00883055507204909,-0.012375621880014908
2020-11-23,-0.030193963882430074,-0.019890324232127853,0.028396526294883467,-0.001331624690161781,-0.004591972170295743,0.06345489896336068
2020-11-24,0.011527582295811115,-0.015447030279527764,0.04520026566572338,0.017690428456312298,-0.01000174482775929,0.06444339174920942
2020-11-25,0.0074395207715690255,-0.0004718480371509017,-0.010515540132813007,4.64726462272995e-05,-0.0030834289529000965,-0.028266170014834707
2020-11-27,0.004814613676719939,-0.010198732236165305,-0.0066599208718063595,0.006339034941584261,0.00965812735207209,-0.015309076753251877
2020-11-30,0.02088019002587741,-0.006697358920117144,-0.027939981634055366,-0.005404166733269739,-0.0012487735300892432,-0.05261664820948175
2020-12-01,0.030361835867852398,0.020840858815364127,0.015655726507879216,0.009947268981474865,-0.014854313579523937,0.009656795108734286
2020-12-02,0.0029290698504670703,0.007493385024315116,0.019025965157604616,-0.003892980835338073,-0.007967981426254413,0.036719999610612016
2020-12-03,-0.0011380599277416692,0.007842668530553789,-0.006576758882605369,-0.005260422117057054,0.00803113318180136,0.006737475226155185
2020-12-04,-0.005628193301294429,-0.00283945502654119,0.009031943597599453,0.0005599531821842723,-0.014774206529261567,0.035905583352782766
2020-12-07,0.012195049679790189,0.014803945459514797,-0.003767109251303279,-0.0003266136184768526,0.008980094102046669,-0.01889141620568408
2020-12-08,0.005078046928086414,0.003481841534737405,0.0009841581268827827,0.007994231897311462,0.004714242744572714,0.032237808527403544
2020-12-09,-0.021125125054763175,-0.017241806434506103,-0.007817415082558432,-0.01968202491863559,-0.0033102751436108126,0.01317017341988344
2020-12-10,0.011917482992516985,-0.0019148863181888906,-0.006464371400149836,-0.0060619213033973685,0.008824869402975692,0.02787898974603517
2020-12-11,-0.0067577585943660685,0.001856945469586849,-0.005921012381953837,0.012931549981956957,0.0035336514442025992,-0.004783157435280324
2020-12-14,-0.005159724398150981,-0.005522859199322822,-0.0105944532764807,0.0043981287660559,-0.002775684493405202,-0.0367397067145952
2020-12-15,0.04887628923087042,0.013893989774039692,0.016931120964569196,-0.0003268576152099431,-0.0033531356195351746,0.019235937594948477
2020-12-16,-0.0005476321636598709,0.005503920929853094,0.0029045436675883716,0.02376616868671572,-0.002665233676166884,0.015218085051226633
2020-12-17,0.0069390124184569345,0.01046541004295572,-0.008321512926350232,0.0006380452731258199,-0.0026490864653817147,-0.005047078021271266
2020-12-18,-0.01597733132876863,-0.0016988680965652808,-0.004942338764771864,-0.003789578132232049,-0.0030020745862063634,-0.017399518697134995
2020-12-21,0.012318888946239311,-0.003178916998982143,0.03685036099031547,0.018133639675763338,0.003957922094621282,-0.018423114097161037
2020-12-22,0.02806701112758106,-0.0079345071833982,-0.015333458661692632,0.0060465062635944936,0.005147599304311334,-0.017069822056509094
2020-12-23,-0.007000428035341988,0.006625879072275585,0.02756117569251676,-0.013124931941060534,-0.006933017265215982,0.012769938125826483
2020-12-24,0.007682793571028716,0.003977347328631379,-0.004407345551810492,0.007796727602109365,0.003949349764681199,-0.004078435339702265
2020-12-28,0.035140967107622656,-0.003635744312567208,0.006563766681196576,0.009872718770137333,0.00044525911522701655,0.003359912487976859
2020-12-29,-0.013404347084948835,0.003635744312567162,-0.002636335193131669,-0.003607183045464745,-0.0012715682580586856,-0.011323957796301312
2020-12-30,-0.008563336841319324,0.007626026694655132,0.0027957954319966756,-0.011080608415223575,0.0021607049692210314,0.007964045308324374
2020-12-31,-0.007732474360179344,0.0037072651943418997,0.013548500872562064,0.0033326964152001664,0.0014591789621127207,-0.009176466652011057
2021-01-04,-0.02503004979217371,0.022014258912347977,-0.009488313430344847,-0.02149551037281712,-0.0012051726121625145,0.006769759334207724
2021-01-05,0.01228813356529691,0.0029572490918935946,0.005426322738866673,0.0009641567032301462,-0.007454575492590406,0.04706742166000566
2021-01-06,-0.03424131747666499,-0.016374384156319522,0.04588699243959615,-0.026271278880628243,-0.020741922460846055,0.025197454724996612
2021-01-07,0.03355430915353993,-0.0023373497260989994,0.03231119390111889,0.028059497134729862,-0.008853723433274131,0.00781510043201832
2021-01-08,0.00859416671027826,-0.03480879472366202,0.0011036462935635968,0.006074380642540551,-0.003232345499660201,0.0110598716606053
2021-01-11,-0.023523615403697646,-0.001963368081678198,0.014813836282910981,-0.009745851211993593,-0.0016535128431283254,0.02990440554387694
2021-01-12,-0.0013965022830061782,0.006453094143516468,0.015597102952187475,-0.011840547258625217,-0.0007948695736409763,0.02196033571682317
2021-01-13,0.016096823318059464,-0.004316677807613859,0.0009263775270703439,0.006538629716563058,0.011199655203408513,0.01121511031979184
2021-01-14,-0.015243038434753478,-0.0005192346256867747,0.00582560582884537,-0.015465174206493033,-0.009412701246777969,0.038290998178391746
2021-01-15,-0.013825678975228125,-0.012485246085867416,-0.018084081911646614,-0.001738270078244791,0.0039601577041828056,-0.04929732643373445
2021-01-19,0.0054124322057997,0.008437377567923208,-0.004337290758191455,0.017665761049617795,0.003222299004701654,0.019643194143908114
2021-01-20,0.03232798253574143,0.016151154600027993,-0.015109127549451956,0.035849474725907604,0.000984243925520277,0.01402846740327009
2021-01-21,0.036002459421029934,-0.0006273739671711188,-0.008419571340523034,0.002804218780771785,-0.00704280150780867,-0.029088285792530685
2021-01-22,0.01594565366197528,-0.007904302060517928,-0.007743383089370911,0.0043467666678546875,0.0032316697140868885,-0.014235017416215873
2021-01-25,0.027307822203306263,0.0008622455288576803,-0.01256099671651625,0.015719784778987538,0.011716332340184,-0.01123715795353518
2021-01-26,0.0016775151642381351,-0.002473656951145883,-0.0040951813864619395,0.012125220259335226,-0.0018893810657158632,-0.022206308373530166
2021-01-27,-0.007713186589213127,-0.006355778295441206,-0.028679401023318715,0.0024501898334395545,0.002540382697890979,-0.011401486217896908
2021-01-28,-0.035612091456759296,0.000926931727635592,0.017444342810592185,0.02556172061747214,-0.0055435949480603834,0.015534862289035056
2021-01-29,-0.0381384085537744,-0.0004054103376829626,-0.01112916215112645,-0.029605726561160176,-0.006034317694852961,-0.026844233499760797
2021-02-01,0.01638487185972539,0.00934152297824149,0.0073559827737976835,0.03261444622963965,0.0011587558333257314,0.0017824031067504309
2021-02-02,0.006316701532785589,-0.012242430084677479,0.0303182022281642,-0.0005842354567302072,-0.006468439337459896,0.015682307377672858
2021-02-03,-0.007808649525171228,-0.0015117720158050482,0.011386193057634612,0.01446630242418417,-0.00891268644448952,0.038478707721477365
2021-02-04,0.02543179693181527,-0.021765636924135134,0.02275226376183343,-0.004082358975284013,-0.0026759543679645455,0.019008194049956594
2021-02-05,-0.0031030563057924277,0.009823748692690917,-0.001955051927518499,0.0007847810684393983,-0.008408602049870751,0.03297032670561105
2021-02-08,0.0010964710199737567,0.01001975221091292,0.015533320070978922,0.0011141740727968834,0.004381671989940618,0.04214254293464656
2021-02-09,-0.006595666840832963,0.0032595928083516256,-0.004004018859585646,0.00534724937375912,0.0007390079158485102,-0.01178129355257355
2021-02-10,-0.0045688260293929375,0.003654430629279855,0.0005728175710474865,-0.0039049136412523605,0.006631334330222237,0.00963154206784848
2021-02-11,-0.0019223646473503554,-0.008723013798522866,-0.002796278989347948,0.006854048595266792,-0.005488868331094563,-0.025357656313405367
2021-02-12,0.0017743814385499659,-0.003041852351548402,0.014117035390874675,0.0020429070721158654,-0.012497155904561035,0.013551130931479097
2021-02-16,-0.01623468667186415,-0.014457496034195686,0.023785544193757793,-0.005279636658522524,-0.01534429207573836,0.029643623177863027
2021-02-17,-0.017801412387092017,-0.011417786234196115,0.003106320532220906,0.0043503490726859995,0.0063305850667690995,0.015444789060548974
2021-02-18,-0.008674265609568764,-6.0090224343136566e-05,0.0033709589264256227,-0.0016804937650329013,-0.0040549891075133794,-0.015829374153990154
2021-02-19,0.0012327439661722372,0.004139970385631239,0.01655323252402255,-0.011634661251809068,-0.013381647040365914,0.006705560113718419
2021-02-22,-0.03025197025777306,0.014858231751961605,0.00934662178695309,-0.02717435979791905,-0.007636663430738659,0.03619053392700426
2021-02-23,-0.0011116903021143147,-0.0023033964742125187,0.007999659520130945,-0.005301565869884455,-0.0028875631324762575,0.013717502424510935
2021-02-24,-0.004060207872656988,-0.0007097783269727351,0.017441923426578035,0.005472175961702563,-0.00658177164781925,0.02953259987629887
2021-02-25,-0.03540218690021819,-0.018995808065307287,-0.013664532771050005,-0.023990277252434657,-0.016465519761794927,-0.016717608140673905
2021-02-26,0.002229076798493958,-0.024480114534154506,-0.02688279346260483,0.01469548396303807,0.03252445489808983,-0.025244139559707
2021-03-01,0.05245135803924128,-0.0017319159550744983,0.022374662640668952,0.01943316392973128,-0.013295876800860855,0.036656650693980296
2021-03-02,-0.02111491486928854,0.005433148366520264,-0.003261377766573447,-0.013041758552124581,7.146196943893195e-05,-0.005868396398615226
2021-03-03,-0.024760549332205905,-0.011082728374520621,0.019147793720414502,-0.02735143669269399,-0.010905169342722183,0.007993635038001793
2021-03-04,-0.01593828909917359,-0.00988559566723337,-0.015487753798690312,-0.0036540395348877,-0.006470647111969587,0.03801533363568245
2021-03-05,0.01068105085997313,0.0006286134207733884,0.0023220050090477463,0.021252045458261547,0.0019453970280892026,0.037115824503119954
2021-03-08,-0.042566645321168585,-0.010422315048141234,0.013165748789642596,-0.018345482562043686,-0.007805232443337952,-0.0009854111576556492
2021-03-09,0.03984519606659014,0.021048060194489467,-0.007088161629375301,0.02771418859478915,0.01376279201928036,-0.015563156135803457
2021-03-10,-0.009209130196307341,0.005085327698430273,0.021502098336056978,-0.005834506882741041,0.0020015279783626725,0.030240650989762155
2021-03-11,0.01636810366407382,-0.0008663865026826478,-0.005234973453425522,0.020062455529079627,-0.007239491809139506,-0.0074749176997430155
2021-03-12,-0.00765459675974297,-0.00018574519969141986,0.0117886333982329,-0.0058365694676129,-0.02144980283372595,0.010707557515884498
2021-03-15,0.024162550967260683,0.004386867610048303,-0.005007603582509975,-0.003995280144033972,0.005862442687917485,-0.02582713369228491
2021-03-16,0.012662444630725694,0.0009244132771239594,-0.01204400196506923,0.012274715224653399,-0.004026665878603447,-0.021423335879707277
2021-03-17,-0.0064714651503471245,0.0071195808075622735,0.010240277973791656,-0.0028224340739258255,-0.0075111225427327835,0.004389028534364604
2021-03-18,-0.03449332692508161,-0.0058269675795917875,0.016371343631145806,-0.027024133832166085,-0.010178059776150624,-0.04407659322609024
2021-03-19,-0.004490159920346774,0.004174394816826358,-0.016049186077971296,-0.0016050443201753451,0.006178728819262628,-0.005648875938446493
2021-03-22,0.02794145869170862,-0.0014713433816878438,-0.02724705323120306,0.024189618556158938,0.0111435287411395,-0.010320373784734804
2021-03-23,-0.0069124652280524255,-0.007327408483150656,-0.010052075101648758,0.006714879061723246,0.008986789589587393,-0.01241804117821746
2021-03-24,-0.020196087748200073,0.003454859203276189,0.007731336667714436,-0.008963162129812068,0.005367303469068232,0.020079522843057952
2021-03-25,0.004154997913383004,-0.0036402714825327686,0.012732184843918139,-0.013339284996640291,-0.007917026776418173,-0.002843889442924868
2021-03-26,0.005128121762001261,0.002839374216722469,0.01651344926804458,0.01766182001701601,-0.003505818957111974,0.026869814011582373
2021-03-29,0.0014838638685612756,-0.011967328788777756,-0.015661575979832334,-0.0052574188313457716,-0.008524817684758322,-0.0053864566645327495
2021-03-30,-0.012350267705269712,-0.01723957501602924,0.011720238963415577,-0.0145155158189854,0.005226900098247985,-0.012446401973030922
2021-03-31,0.01859168605720564,0.015053975494509144,-0.014671831660770943,0.01676596668191433,-0.005595627481679186,-0.015286335245979055
2021-04-01,0.006934458807769916,0.012549018493591777,0.009675157355503084,0.027526318868470328,0.01646074139105104,0.0275585791146764
2021-04-05,0.023303730108179176,-0.00037046965366193687,0.005286727492650238,0.027350926393404175,-0.004372913774004195,-0.015629322676006977
2021-04-06,0.0024591377515215005,0.007996616729269289,-0.007055424120721019,-0.004869823330548601,0.006770034328368659,-0.002835987123784215
2021-04-07,0.01330150614617729,-0.00282230213657656,0.015546581429325633,0.008196663219696193,-0.006989102213122773,0.004427783622327751
2021-04-08,0.01905101532311238,0.010694635856861524,0.0012259674528681248,0.013316310752994763,0.008221344509518837,-0.010480766398829748
2021-04-09,0.020049623665518032,-0.007566026934120144,0.007450055640550012,0.010214316586154787,-0.003629362850760455,-0.002324054316398627
2021-04-12,-0.013321472620681944,-0.006082067490100263,-0.0021137401311803125,0.00023437616365300806,-0.00043665653993007916,-0.006644638554502307
2021-04-13,0.02401551231828305,0.007061488473290135,-0.01199881673068539,0.010031347228841508,0.007465911629389187,0.0037766265814987944
2021-04-14,-0.018014263265535107,-0.0043537794872208335,-0.018866931570982376,-0.011282671507491463,-0.003181978647638143,0.02849008185785846
2021-04-15,0.018535379695632258,0.016033536538392498,0.006328272866219564,0.015182394280652663,0.01659552098838648,-0.005949346425467242
2021-04-16,-0.002531534683203955,0.0060295628147861114,0.007398537296253668,0.0047668413444527874,-0.007796607637257297,-0.0056319752013977604
2021-04-19,0.0050559804290450155,-0.0027691247303623773,-0.004248793729570191,-0.007699833783808533,-0.002876319687277542,-0.003181701643833121
2021-04-20,-0.012913118992069149,0.003550241996940974,-0.022391077174769593,-0.0018570491570067363,0.004598692639606702,-0.021294462732102816
2021-04-21,0.0029256609060433654,0.009862362310853667,0.008472033182227154,0.008943036786562792,0.0020043778496878235,0.012759470434344701
2021-04-22,-0.011754116608777919,-0.00650425423162094,-0.021282164411112678,-0.01317240658285587,0.004354653482712035,-0.013121362123091857
2021-04-23,0.017877648220964434,-0.0038387727937765547,0.01895473151752408,0.015357527132736661,-0.0023534032082328333,0.005413102681838628
2021-04-26,0.00297358429290569,0.002640755671589698,0.0024604738559353212,0.0015303515828581423,-0.0014290376671223792,0.001977359122393096
2021-04-27,-0.002452507190421772,-0.0025205449092440876,0.00457241849095295,0.001604446461911864,-0.008761066147355997,0.013025617222876148
2021-04-28,-0.006045457564507074,0.002940064461277065,0.00645841167585821,-0.028693397722697536,0.0006490391877999358,0.029691283263124178
2021-04-29,-0.0007493468181156896,-0.004142547462168167,0.019257638577778735,-0.008085719041287484,-0.002959783150936871,0.014182064293538271
2021-04-30,-0.015248581212624505,-0.003374702192485256,-0.008931981901364483,-0.0013075674180746094,0.0023107439631371,-0.029266912242633423
2021-05-03,0.00818188468293162,0.01289485518814097,-0.002930250919961224,-0.0012697184104190592,0.0005993677775245228,0.027228943568897802
2021-05-04,-0.0360268882612694,-0.007356686965198023,0.013729142739855338,-0.016291766355833927,0.006763086898733537,0.006270689273047062
2021-05-05,0.0019538279593152444,0.00413361336698124,0.013035260148789194,-0.005341164689359467,0.0016481420414327383,0.029629577882052578
2021-05-06,0.01272098673912465,0.016542002735280385,0.01992471281813263,0.013139904292291737,0.0016447375238163896,0.009467759607213029
2021-05-07,0.005313340132200939,0.00895658735382193,0.0034170027530474626,0.010872498514159239,-0.004943552632798565,0.014196042236467801
2021-05-10,-0.02614347774588406,0.0030259218728549953,-0.00012401548103484458,-0.02113591771481358,-0.010178605939956464,0.0023998301004293844
2021-05-11,-0.007437855684424537,0.0001742848474817966,-0.016763186370673543,-0.003850836555098671,-0.005675748650748363,-0.032315878648707094
2021-05-12,-0.0252546702990775,-0.009983483413452903,-0.006898998726346477,-0.029802416706853643,-0.010563442667464328,0.005343957591456624
2021-05-13,0.01776095306846833,0.004098917859921596,0.02539732237218035,0.016721286320612996,0.0015476436747221052,-0.012401656089910017
2021-05-14,0.019650661436246962,0.009074563611959028,0.01542210614908314,0.02084833794637498,0.009307689200516226,0.024486975190529996
2021-05-17,-0.009301839830068047,0.011572105937362132,0.004016113237753834,-0.012040651143735169,-0.0021180563485009496,0.02309802302190914
2021-05-18,-0.011309575652728948,0.0019442812059788442,-0.01418900581788002,-0.008602067453591464,-0.0025617961960909675,-0.028708649015806515
2021-05-19,-0.0012822340853750633,0.0006853819629941132,-0.00766703035782553,0.0024710415336317653,-0.0024213042277457736,-0.024287250804361903
2021-05-20,0.0207943923284927,0.004556871795741219,-0.0017398743715534876,0.013725626053887505,0.008194489323010536,-0.002376415915630435
2021-05-21,-0.014877155232581171,0.00045446916842239933,0.01131480241928027,-0.0053290102327517505,0.0032013648609929284,0.0013586762892235254
2021-05-24,0.013226338430107966,0.001759487487714246,0.00539518350830119,0.022624311032557572,0.0036977693682487185,0.01164272929527332
2021-05-25,-0.0015748027969399172,0.009031903514378268,-0.01038757193226423,0.003741342655703125,0.009220670670565518,-0.022907542159276255
2021-05-26,-0.00039421168212049577,-0.0017435678186662285,-0.0001235480719065689,-0.0009142447086773963,-0.0017226848977699477,0.011604174507366229
2021-05-27,-0.012453925223107162,0.0003940189892895408,0.015451732266936021,-0.00870625229954232,-0.004030160025298664,-0.006468033712899867
2021-05-28,-0.005362307245055102,0.0037630876338542248,-0.0006694651407462102,0.0014830173471208612,-0.001587718015594859,-0.0032499280999789956
2021-06-01,-0.002651836960183691,-0.0026945732480542135,0.010960353487162204,-0.009173416548296884,-0.00022454033766104134,0.03518006146901234
2021-06-02,0.006256534869807828,0.004878526963101577,5.999947850786787e-05,-0.0004044468732258382,0.002312678524800053,0.007907744550098024
2021-06-03,-0.012228689729712952,-0.019772420864664846,0.0006620271330179618,-0.006450139076694496,-0.0037606719549303793,0.003930582539591893
2021-06-04,0.018843574485651448,0.010725633264657355,0.0016237381305775453,0.020463967101246185,0.013601648197665113,0.004403443059878466
2021-06-07,7.949329081751118e-05,0.003999619209610979,-0.004697252068242707,0.011970031863973753,-0.003078286946407973,-0.006530615318663114
2021-06-08,0.006649676271054297,-0.003096867753862795,-0.00399206433200883,-0.0048975352719630135,0.007001801000987139,0.01753584079880366
2021-06-09,0.0030725013848761393,-0.0019193434836643904,-0.012563553344501044,0.004030522199166027,0.008790154251314916,0.008334633186076763
2021-06-10,-0.00805570146481923,0.004285131517665339,-0.01571156749536674,0.014290406769058316,0.005981180335556582,0.0015947836182847034
2021-06-11,0.009784778531780303,-0.011316177890912231,-0.0006858501412029252,0.0025238450934447457,-0.0016151876704708073,-0.009285858295296838
2021-06-14,0.02428050561423175,-0.005878166410042197,-0.017114492972727453,0.007725354431606704,-0.007688612411374096,-0.0016098192599591295
2021-06-15,-0.0064582771725118435,-0.0037848631237422004,-0.015284210364651142,-0.005904723355459766,-0.001204214678220912,0.03576327366192529
2021-06-16,0.00392595090758923,-0.01703600368035545,0.006999345888192607,-0.0038001065749104597,-0.0008514733135859056,-0.003581784606765386
2021-06-17,0.012522230787110959,-0.031222825916410377,-0.029284903365290594,0.013583343602589884,0.01486107458451962,-0.03347116917998507
2021-06-18,-0.010142897009118667,-0.005562705142465907,-0.025628652440570356,-0.005650220317731013,0.018631017635600176,-0.025983943524830473
2021-06-21,0.014005456308612895,0.012173251058176099,0.016826221489968533,0.012259385901640291,-0.016884381818159037,0.03561642518546976
2021-06-22,0.01261822331099292,-0.00420166857422807,-0.0014635225472004714,0.01090628633713576,0.0024390982870772975,0.018990857971917734
2021-06-23,-0.0020920502395213574,-0.0006618767987564016,0.006039884024178905,-0.0009046311471774891,-0.002578906065425107,0.007341065260519226
2021-06-24,-0.002171273034961897,-0.0006021199876096117,0.009156036633062418,0.005338810363264145,0.0016037598372495795,0.00403782339238018
2021-06-25,-0.002251238075937505,0.003306999189259349,0.010046682636658583,-0.006281589892849103,-0.010437351180979276,0.002167505182952952
2021-06-28,0.012467959641324959,-5.999643961855651e-05,0.0018162684928588193,0.013864791047865598,0.010228644174079652,-0.025849371355664553
2021-06-29,0.011434707019279055,-0.010561034647227364,-0.001231913379295925,0.009923896484542843,0.0016713760709579416,-0.006208900103866277
2021-06-30,0.0046104925593952436,0.004841763592293601,0.009041727118346507,-0.0018441509551169945,0.004443414069297311,0.0073191036388358536
2021-07-01,0.0022608755819398607,0.003435449615082654,0.009852256450126617,0.0025806270159124895,5.551923851225278e-05,0.0028495402128008735
2021-07-02,0.019406978936271083,0.0065369291506959725,-0.0009610464578644469,0.022030742477152154,0.006016170949268897,-0.0014237193172994414
2021-07-06,0.014610995499211592,0.004949187883217545,-0.016934170307664555,3.660040189012894e-05,0.011653043997422306,-0.028908150882464907
2021-07-07,0.017796026883148238,0.0037995736126820853,0.0011726274343255285,0.008141958481785675,0.008819732613721711,-0.015766754049532306
2021-07-08,-0.009242705502976671,-0.0006520293887520076,-0.01740408445355941,-0.009006815754975661,0.0039104074958914254,-0.004479421656177291
2021-07-09,0.012970528967045996,0.0033150614410246745,0.03149812590359136,0.0018724953271851183,-0.014162097394509214,0.017962192002202858
2021-07-12,-0.004212351233032522,-0.0012418718351821449,0.014214389923636741,-0.002233396845279491,-0.0012978356660580505,-0.0009803965108132404
2021-07-13,0.00785842050058886,0.0013009357869861221,-0.014985264989281693,0.0131116653374037,-0.007682879858557708,-0.004752230019457984
2021-07-14,0.023814677554416602,0.010697757313475486,-0.0034107986208421516,0.0054304891478200315,0.011297879582474003,-0.022424350939319125
2021-07-15,-0.0045022400319895154,0.00017546425482688882,0.002189651304309962,-0.005252372676639721,0.01096974030570436,-0.00979067615083903
2021-07-16,-0.014175969844953595,-0.009751038308664077,-0.02310038830854349,-0.0009971168743849006,-0.0018871260102961704,-0.02803985903998983
2021-07-19,-0.02728322043070047,0.001179853512608669,-0.03306001339942882,-0.013411008098347119,0.021691061974607795,-0.03497322981830913
2021-07-20,0.025642526416393092,-0.0012979424872485647,0.01847177588568956,0.008304601131076233,-0.009686231891760187,0.010960647420725986
2021-07-21,-0.005144923700511793,-0.003726190289074976,0.02082257478022309,0.007419205594628027,-0.012747532402842989,0.03165908839836876
2021-07-22,0.009582333082212045,0.0019535411866020086,-0.01270647497184234,0.016703920080903528,0.009408697350184536,-0.011316970968203229
2021-07-23,0.01191790225744733,-0.003139340880551927,-0.0019231938534542904,0.012261199615979528,-0.0067113008246544505,-0.0012266468965460168
2021-07-26,0.002890481086110757,-0.0023758261058627853,0.006682229495751051,-0.0021429692071305885,-0.0029671214048234288,0.024931995289344144
2021-07-27,-0.015012444458494154,0.0016636888817755746,-0.001319458956823171,-0.008721174016447852,0.010614288775507321,-0.011177011761028198
2021-07-28,-0.012271141410834461,0.0050335632022407,0.0016491642422944471,-0.0011178428744403604,6.669668802927323e-05,0.006721140270309788
2021-07-29,0.004542019480903832,0.011044023020098688,0.00853306530346142,0.0009780703322028236,-0.005561173304702661,0.012121389551856505
2021-07-30,0.0015096478480070776,-0.007918108309762988,-0.008005740383084102,-0.005565201538122185,0.004692476448575341,-0.023348518439071722
2021-08-02,-0.0023339365914915315,-0.0012374082182159806,-0.004027428389499628,-0.0003158430195331896,0.008879897151724967,0.0001733991898423016
2021-08-03,0.012564926901478047,-0.0007077270423842932,0.011313907088410735,0.008042735491403642,0.000530555390735246,0.010710170467813852
2021-08-04,-0.0027858597686581076,0.00023593466942563418,-0.010850569158325617,-0.002126773590609679,0.0020545835904442087,-0.023644867563292142
2021-08-05,0.000747848429531353,-0.003959922253451811,0.012549900336684162,0.010451154863808267,-0.005110646430680583,0.006313622371164496
2021-08-06,-0.004777944574506972,-0.025308704477345147,0.028007518322512883,-0.00020756251582980124,-0.016841605869584473,0.011472450175590527
2021-08-09,-0.00034243151157214996,-0.017894816057729707,-0.001079883416888848,-0.00391137909883791,-0.0035931437419482403,-0.011472450175590503
2021-08-10,-0.003359734279150026,0.00030914743149373187,0.012192405506583858,-0.006576660258622518,-0.004628288389069717,0.016987645639873122
2021-08-11,0.0017840213247184251,0.01369082807188368,0.01185956695714128,0.0017790526951950458,-0.0006148207933621288,0.002917615136110799
2021-08-12,0.020560560625821813,0.00024383177142714218,0.003901447925136584,0.00991744972233251,-0.0016397523834739264,-0.0022642552958964638
2021-08-13,0.0014094285970269768,0.014224167163591615,-0.01125055032656442,0.01043514263835242,0.01567228177307544,-0.010164767074105173
2021-08-16,0.01345702730524774,0.004975891262677384,-0.006584624251659855,0.0059577639267794505,0.002420700961838767,-0.014728275344317454
2021-08-17,-0.006173042893345627,-0.001496155150116038,-0.012154564485592283,-0.005172589907621245,-0.00040280763474313846,-0.0068161349331339015
2021-08-18,-0.025831886450275586,0.0007783092556947036,-0.009149397266807274,-0.006138617679194948,0.003353193083518856,-0.021283231746058156
2021-08-19,0.0023202800366352518,-0.0029367165231408677,-0.008390856022917262,0.020562641220635777,0.007338570101135949,-0.030995812253455136
2021-08-20,0.0101057695192582,0.0005400158455303154,0.0028478713363975484,0.025253970607087787,0.0006641196359082726,0.0001895330365431424
2021-08-23,0.010204875611250814,0.012104007439095057,0.012716106714353628,0.0009522742426642146,-0.0006641196359082412,0.040321279008037156
2021-08-24,-0.0006015898059405555,-0.0004742535717267673,0.00617097958110881,-0.006685459653450042,-0.0078070844971294615,0.008161971947961352
2021-08-25,-0.008456799681410105,-0.006961609676564189,0.020403393709941813,-0.0020178477507633136,-0.0083416639552273,0.0018048761633959562
2021-08-26,-0.005542569275227161,0.001133835388463418,0.005144378707968069,-0.00971573010049983,0.0027660278504304187,-0.013615631757421037
2021-08-27,0.007158946701242272,0.014917723322635659,0.008004998205030138,0.002104474643715566,0.006780917162349002,0.019189551919124002
2021-08-30,0.029963737632220586,-0.004947859047149437,-0.01613676051768575,0.012829168653228225,0.0026059228067399917,-0.010998027742191259
2021-08-31,-0.008460481090315625,0.00200564206756742,-0.0030586919078717458,-0.005648536652193484,-0.006830423673936606,-0.011670407512043356
2021-09-01,0.004468670939822553,5.88968847449306e-05,-0.0014392371840439289,-0.00016560131949447282,0.0016732242778279558,-0.013852018534306605
2021-09-02,0.007447187607470732,-0.002655242464544409,0.004622683581299837,-0.002255408458013692,0.00435683037051055,0.024070960740718076
2021-09-03,0.004221536763990431,0.010637446088029513,-0.006063567538413019,-3.3366230901206235e-05,-0.009136367765959545,-0.003819886429998031
2021-09-07,0.015370346995267747,-0.019778020504279115,-0.001757229091928095,-0.0031929844166282313,-0.008471627465577568,-0.0058488972702340535
2021-09-08,-0.010134533356899626,-0.002507544166051433,-0.0044692883777364325,9.999444249756998e-05,0.006783033723688709,-0.009208263181997777
2021-09-09,-0.006727825883422049,0.004413734414974538,0.004343661427602494,-0.009908624547340473,0.012028026175753194,0.0007398257103108546
2021-09-10,-0.03366198466488196,-0.005071495164425335,-0.011562227228697397,-0.005194536732002515,-0.008855876889104865,-0.0020356121937140327
2021-09-13,0.0038856717495227328,0.0033441618437189445,0.01576242897377967,0.00431930373708494,0.006046510359544536,0.025424140222719042
2021-09-14,-0.009607698451268024,0.006417907636002404,-0.017607073870851607,0.00938376242559734,0.012050205003538832,-0.014370234559101122
2021-09-15,0.006124946324732639,-0.005881528710091136,0.006915924858706995,0.016639447013924377,-0.0035134284388023953,0.03315614748949027
2021-09-16,-0.001611814620673297,-0.022902242747818987,-0.000442845186697157,0.0013111676059587587,-0.004592795594276527,-0.010691635625338142
2021-09-17,-0.018518434307181274,-0.0015862999324902437,-0.002596965361658467,-0.017683673289061837,-0.004815487292655161,-0.0118941188565049
2021-09-20,-0.021592505061838477,0.007118755657039399,-0.030390919913032322,-0.01874922406016122,0.012326241151265094,-0.027011358005679737
2021-09-21,0.0034219318042005673,0.00664689654260444,0.00013063185487506828,0.0016971908818618655,-0.0008613437982641722,-0.0009316575907474743
2021-09-22,0.01673168171568788,-0.0037409995549623856,0.01897137753227055,0.012740755637559076,0.005946448221882063,0.02884893113951282
2021-09-23,0.00669707792549102,-0.011613566243419594,0.03324311129860363,0.003276838714269914,-0.02285604147585287,0.03330979164532322
2021-09-24,0.0006124862618416819,-0.0012850982867509395,0.011473602182806577,-0.0007012688124228564,-0.00982161745161682,0.008895307485086285
2021-09-27,-0.010606147250875934,0.002079870666889819,0.02387855953876332,-0.017455745930982012,-0.0036822526134559497,0.02926028837457362
2021-09-28,-0.024088740618571153,-0.009763940911599527,-0.005404290665946294,-0.03687509709499741,-0.01569923772606844,0.010401014945762004
2021-09-29,0.006461702005901244,-0.0045149330127863515,-0.0007832083657479843,0.0016915741978065322,0.0017333121733146607,-0.0006678193002919276
2021-09-30,-0.009355112316331581,0.017816984307014165,-0.013712220118464222,-0.007350499501113375,-0.00013862976793150035,-0.017860749627517086
2021-10-01,0.008093997607243882,0.0022505110921036547,0.02079777158812619,0.02514923324969736,0.0083809748990343,0.035243908674533767
2021-10-04,-0.0249132743620264,0.004667408258473528,-0.0010778822985725892,-0.020937391539704465,-0.002549469916038054,0.012882346515012034
2021-10-05,0.014059001651237827,-0.004667408258473519,0.016198540907418867,0.019760665682611325,-0.009703160510095215,-0.001621666795950693
2021-10-06,0.006287289892230311,0.002669757352534067,0.002132153415104146,0.014951726380625923,0.005625123002365303,-0.018508271426647918
2021-10-07,0.009043521407022215,-0.005285683868044846,0.006310631652903367,0.005919187732208889,-0.01051239308231976,0.0028062941805873215
2021-10-08,-0.002725310391040713,0.00042627404378714777,0.0007641569351699871,0.0,-0.007023563319842523,0.02474906606663975
2021-10-11,-0.0006302680791877497,-0.0018893655741350408,-0.021256095980688824,-0.0021050127913703606,-0.0025411470425153295,-0.010021222411494416
2021-10-12,-0.009144394607513021,0.004504271350483098,-0.007710667099702094,-0.004598954888205253,0.016955861259821167,-0.00521175766070389
2021-10-13,-0.004249157411090294,0.017637734434472765,-0.026720823869698995,0.01164311139388595,0.0096796748630074,-0.0027796789310343315
2021-10-14,0.020023707257764187,0.0024434808580754102,0.015225141082107825,0.021501367956851626,0.003708585082069209,0.015113575058410215
2021-10-15,0.0074842727555462524,-0.0160204917648545,0.019026520462341222,0.004810674953622271,-0.005844124531471392,0.009471072550917687
2021-10-18,0.011737517180276644,-0.002482990902389477,-0.0003603664503855866,0.010073428583928892,0.004678040749482549,-0.0004794710059080997
2021-10-19,0.014967287567210137,0.003208519186409284,0.012055424471512961,0.0030547428880423324,-0.013890915980160116,0.014913742739824305
2021-10-20,0.003355383024409091,0.008725778175468667,0.01337644916638399,-0.0026640763988550944,-0.0067732229267084216,0.005496880839522036
2021-10-21,0.001472947063387704,-0.0008991093021597419,-0.007874585780384824,0.010838720124539113,-0.001191527886576797,-0.018334668965021256
2021-10-22,-0.00529881765008683,0.006098334452755203,0.013361753647864133,-0.005162113369658199,0.010952682687212355,0.0068356591792925634
2021-10-25,-0.0003362431056717421,0.006890365329616705,-0.00490193642030766,-0.003337243083726698,-0.0015276703237810496,0.019299164559736265
2021-10-26,0.004564355193492947,-0.007427027125168416,0.002687306101118255,0.0064052250556199284,0.00823513959383279,0.022890666805566957
2021-10-27,-0.003152767502195978,0.0026206236403640355,-0.021048524123467024,0.04125182515553351,0.018030848109118557,-0.02631521924224665
2021-10-28,0.024684544407332594,-0.00023791366260843256,0.014962277275572417,0.003644535044093362,-0.0033901009141864826,0.002802860092568039
2021-10-29,-0.018322468426206013,-0.008544299301700552,-0.002762589695488887,0.022166466473662286,0.0030517497689583873,0.0024849375592465666
2021-11-01,-0.0056231980402750865,0.005207004497418708,-0.0005298591726386296,-0.006807931311600326,-0.007226024269870076,0.017832939810066086
2021-11-02,0.007090734973990801,-0.0021513131388870075,0.003938087355093375,0.011351070376535181,0.004428437823493188,-0.012418747465232034
2021-11-03,0.009750895320587077,-0.0083501482773226,0.00035168364182674056,0.002608033956871624,-0.010387013897442664,-0.013825435481651197
2021-11-04,-0.0035044225403371176,0.011277125295739413,-0.013222361986723176,0.007278856466608749,0.010455239450672584,0.007480192856121696
2021-11-05,0.0035756875509463746,0.012978359326946427,-0.0014271320423925905,-0.0011298122230223044,0.014845243240320594,0.009425868246781311
2021-11-08,-0.0055679723246632295,0.003585184846901929,0.005992225496224563,0.0027633052383646446,-0.001876718216055512,0.01070836740624923
2021-11-09,0.002456525559040665,0.004916006634195484,-0.00760027570075974,-0.0030909385635603066,0.012933722194701,0.009691477047550629
2021-11-10,-0.0193491193814472,0.010800248284572371,-0.0009539193247234759,-0.01544833275749525,-0.01845225515630075,-0.01989761459065957
2021-11-11,-0.0003383438522218965,0.005586453042738802,-5.9656501924186654e-05,0.0049154429055140595,-0.0014853285390659054,0.0018677520731621164
2021-11-12,0.01423536003756978,0.0018934614978916627,-0.004484817344432969,0.012822476834146234,-0.004402099277808024,-0.007648552593479774
2021-11-15,6.647210422706598e-05,-0.00154894492430588,-0.001799716392333937,-0.0019324305528817742,-0.012636655892601462,0.008581258686754375
2021-11-16,0.006644701602614418,-0.007260156004477963,-0.007230303894383586,0.010184058018139163,-0.002546353994377697,0.010047029044721604
2021-11-17,0.01635550226153714,0.009095692432078762,-0.005396881805497863,0.0006785188936803231,0.007893532642708706,-0.010979735137996311
2021-11-18,0.028136307947690453,-0.0032143154449525086,-0.008671108477161283,0.006319797495518656,0.0037539824135917428,-0.010944358931134187
2021-11-19,0.016833730777660268,-0.007675708262916443,-0.013149607358083163,0.00537708796804079,0.010502034673343812,-0.04732140955504959
2021-11-22,0.00292305877616082,-0.02267561664312034,0.021090882473896205,-0.009605706818701707,-0.011797446855065796,0.013750408599892294
2021-11-23,0.0024191415529307724,-0.008690053468478977,0.023631093304804604,-0.006346663256312658,-0.014564650371701258,0.025996350458498386
2021-11-24,0.0032781445819999276,-0.0009569597921073518,-0.007875374460121862,0.0006809494507617884,0.01592794184596614,0.005528896244069687
2021-11-26,-0.03219112166773085,-0.0016168462526691021,-0.030590122385385065,-0.024657349928008273,0.024954954541132064,-0.03576107628066501
2021-11-29,0.02163802180617573,-0.0013795005365548109,-0.004331933927002843,0.02086201384969867,-0.008070467389398293,0.005535499878576064
2021-11-30,0.03108905929193509,-0.006744546424564762,-0.014997621565721948,-0.018105204635043205,0.015087811814095693,-0.028825167922379
2021-12-01,-0.003211404160027975,0.003980006790395922,-0.005935887684115596,-0.001543797864330331,0.006149417017570401,-0.0008357358436620207
2021-12-02,-0.006148397489748497,-0.005552205835401061,0.020809358417454942,-0.001789197868104177,0.0012466072753703466,0.02461509221885149
2021-12-03,-0.011793866386235443,0.008376819081740972,-0.018279323098954033,-0.019862689993597464,0.011861277859253798,-0.0063847289696074986
2021-12-06,0.02127495544117983,-0.0024635953850727986,0.011744900803627646,0.009796623417645405,-0.013830189278304796,0.011268254402738265
2021-12-07,0.03483252760834684,0.0035432060613326127,0.01493529853156519,0.026411638991744188,-0.00811226081210274,0.01114255315021595
2021-12-08,0.022527475801898848,0.0005393685677794685,-0.011507136034991788,0.0001492511385760201,-0.01743607241254918,0.0028866110932964455
2021-12-09,-0.0029746220382106964,-0.006130129283900702,-0.0015569141591754289,-0.005598252795227219,0.005578073760416816,0.0025587439022216876
2021-12-10,0.02762779551698554,0.004211020685246302,-0.003996556239920314,0.027945848005996365,-0.002415500582130599,0.0063684314214893884
2021-12-13,-0.02089064869498119,0.002518126917516811,-0.011959224093250549,-0.009209171329683463,0.014670431197093155,-0.02214474416537674
2021-12-14,-0.008055741440515102,-0.009385206339641532,0.007632493299825513,-0.033129823227507724,-0.0023856966801769227,-0.0014613606017722161
2021-12-15,0.0281104499592374,0.004282351988516796,-0.007506292730897016,0.01903542991475409,-0.009668322343108233,-0.00439715440629524
2021-12-16,-0.04005552655265827,0.012024970840539904,0.01551794810484551,-0.029567664399980275,0.00038860314738199333,0.001630878746238687
2021-12-17,-0.0065228293584912046,-0.002143116686188639,-0.02301700592324584,-0.003391466908407388,0.011267905685771115,-0.022076754854634402
2021-12-20,-0.008155227652255747,-0.004240244730917083,-0.018153250628765008,-0.012086200008084278,-0.007520416540348457,-0.014598874822254181
2021-12-21,0.01890703610892075,-0.00041897618344674124,0.013869896997415131,0.022806972869250396,-0.0038140392928254357,0.02239795102595528
2021-12-22,0.015202649787021594,0.00935611880010715,0.003900447379065654,0.017896091042898805,0.0046157145259284145,0.008066441283762257
2021-12-23,0.003637171718383251,0.002251481491211197,0.0035672046442036267,0.0044621434006645025,-0.008714793748748725,0.0004918474795390084
2021-12-27,0.022714925113447703,0.002364450476828884,0.005706844796889103,0.022920958830243098,0.002420996972003913,0.014157006809629029
2021-12-28,-0.00578398232740796,-0.004319380340024978,0.003030207918653438,-0.003510600394934354,-0.003971051225129874,-0.0032368778253403312
2021-12-29,0.0005018496308640667,-0.0002965516280151311,-0.0005043796178986354,0.002049455292556433,-0.010984300856770103,-0.00879198839661199
2021-12-30,-0.006599896643698495,0.007151581744182501,-0.000504848027093331,-0.007721177362372091,0.008351182723428144,-0.00590449298580897
2021-12-31,-0.003541498294905798,0.006808358432551388,-0.0008204671538162565,-0.008880503051495965,0.0019586565386109436,0.006558400888606265
2022-01-03,0.02469645574858556,-0.015503300973700684,0.020935168835709807,-0.00467891157684171,-0.026600702195472017,0.03768593249861587
2022-01-04,-0.012772695339085312,0.007339514803169255,0.03720854815022544,-0.017295737548809198,-0.004166777927521283,0.036923879250213565
2022-01-05,-0.026960012042651197,-0.003012197052209778,-0.018451179920376707,-0.03914414425859602,-0.005442873644000128,0.012360551325427065
2022-01-06,-0.01683422852187179,-0.012319703780209438,0.010568242117049244,-0.007933234800383394,0.002585676573643132,0.023248557622982127
2022-01-07,0.000987684086229813,0.004540812572282988,0.009859244563989311,0.0005096268909195255,-0.007214348015967916,0.00816308930714502
2022-01-10,0.00011617659579460084,0.0030355936239956378,0.0009566862257636387,0.0007319896715819032,0.002457559284114304,-0.005970019055837704
2022-01-11,0.016644714641262808,0.01199245713664559,0.0010155212785425663,0.002256847044325434,0.006639043962818981,0.0412016201254606
2022-01-12,0.0025669330295332925,0.0026391371424113854,0.0056558772906537885,0.010390541139599741,-0.0038385557345108523,-0.0029477136741381652
2022-01-13,-0.019211647670796143,-0.003402771341298051,-0.0012474015756024999,-0.04324399739813457,0.008841497039376566,-0.007194654959730318
2022-01-14,0.005097733939881158,-0.002883829150556528,-0.06343358196034514,0.0175614157215288,-0.01522446957805554,0.017403934771956932
2022-01-18,-0.019074905522528166,-0.0016516182679313014,-0.04283241192451049,-0.024640385345496854,-0.014174835189793083,0.016695897157244212
2022-01-19,-0.02124886805461626,0.015755750605134233,-0.01558993337741953,0.0022445163384921334,0.006899852914774747,0.0004103148307994467
2022-01-20,-0.010401119749019494,-0.0025020112544038944,-0.008563810312437168,-0.005719793405709133,0.006148114480068508,0.0021861270228493825
2022-01-21,-0.012847274678927404,-0.003267771913809988,-0.017627161007273337,-0.018640933698001044,0.01183592508044226,-0.015126718459315387
2022-01-24,-0.004876036563928635,0.005479160681096094,-0.0008964014545347984,0.0011478777503584937,-0.008249347518914325,0.008554128705445271
2022-01-25,-0.01145026460534591,0.003192034576976311,0.010841318233679186,-0.026948429743273775,-0.0016156060968038038,0.028975579727661988
2022-01-26,-0.0005633307350887503,-0.01629856790431354,0.009441270661663463,0.02809488508176209,-0.012167728017488656,-0.010194532011229888
2022-01-27,-0.0029474400766880673,-0.01298211532059733,-0.017802024879602363,0.01049387267741738,0.01819648808151203,0.012727184159083988
2022-01-28,0.06745084616235505,-0.002987752337666492,0.00890672791694888,0.027694842639484317,0.0003489049281055222,0.002127635993524607
2022-01-31,0.025790209898809785,0.005907056331230696,0.013481932423290724,0.008784544084418505,-0.005183003472008044,0.008992230296893706
2022-02-01,-0.0009729277185753234,0.0008325368758188378,0.017014362873555462,-0.007164247301252685,-0.003325278025068582,0.06214128409470314
2022-02-02,0.007019659679281757,0.00361943388995412,-0.008037422868690067,0.015107581282814336,0.003381381542688112,-0.0026013285151847113
2022-02-03,-0.01686136361331635,-0.0014224174555621005,-0.0083043055856514,-0.03973124715089103,-0.007837006517016855,-0.011728148218420602
2022-02-04,-0.0016805788478341996,0.0015408910869810946,0.025627268991285267,0.015448623023862665,-0.014851878514382634,0.021479409268666795
2022-02-07,-0.004243665041069096,0.007375317353577323,0.003337547038863034,-0.016444684061709815,0.0006474258192538971,0.011966007421465839
2022-02-08,0.018298310430021187,0.0030522079460774463,0.018639991321550045,0.011923682879171104,-0.006708369785655755,-0.026192665100202486
2022-02-09,0.008259627911928925,0.003393414275398407,0.004159073398236761,0.02159968403470816,0.0018794541206141515,-0.004798454251241255
2022-02-10,-0.023881966927813865,-0.0038037857675304026,-0.004159073398236799,-0.028783443036071138,-0.016019759850962174,-0.009666874865257288
2022-02-11,-0.02042555972528159,0.018875607865561434,-0.013102449370606117,-0.024573220749342126,0.014719411753052648,0.02486710275341255
2022-02-14,0.00142231344546074,0.005336451777182292,-0.009334026135900435,-0.00013577321745541902,-0.012519485065169481,-0.015453480813203593
2022-02-15,0.022888527257474714,-0.009545260370239185,0.01451794754820082,0.018372403167550906,-0.011417289174291145,-0.012613966718541349
2022-02-16,-0.0013901061424989119,0.01023173130733765,0.001808395577822426,-0.0011675160911741238,0.005908916567584458,0.00460504510583939
2022-02-17,-0.02149842111497592,0.013575508168976262,-0.02330187764862391,-0.02971990378141516,0.007410635855795244,-0.0015324376117758704
2022-02-18,-0.009399834811655586,-0.000733724019731723,0.0046776841160582235,-0.009677425047092694,0.0104723192335183,-0.011183381771999646
2022-02-22,-0.017972925937447093,0.002086858856896338,-0.0017764165377490804,-0.0007296127055811705,0.0026008918372662972,-0.011702351736431587
2022-02-23,-0.02620444965658841,0.004497100140272996,-0.021161138032278683,-0.02623432960088527,-0.013877801098777,0.0040462031480061
2022-02-24,0.016542497376505417,-0.006471023453826176,-0.028238165031190858,0.04983111268709315,0.0006586500994605519,-0.012715511718269344
2022-02-25,0.012882103893982241,-0.0033362372759372606,0.02338417278898107,0.009191021233003529,0.0007310139139237743,0.026557165807849795
2022-02-28,0.0016367733236153138,0.010311993951243732,-0.04259219708502536,0.004965561761545428,0.021681702378422478,0.007423873450747895
2022-03-01,-0.011696343512450533,0.018000431765753836,-0.03845912789028523,-0.012935043299209269,0.01149527535757378,0.009518239789153041
2022-03-02,0.02037922223159954,-0.010460864384517259,0.020527964330889575,0.017609681603822848,-0.03478044593621325,0.01703242964976468
2022-03-03,-0.0019830920095584756,0.005935763844875877,-0.007133477547391702,-0.014326616500599612,0.010133847919974522,0.00631297039341501
2022-03-04,-0.01857995757282673,0.015803608419049084,-0.02853240425924973,-0.020690973992099463,0.017116269104563195,0.03694468853251815
2022-03-07,-0.02400331746883731,0.014753495270293054,-0.03938140707477218,-0.03850868162534623,-0.007659209723852162,0.03539877552153287
2022-03-08,-0.011744831852215844,0.0269914293684263,-0.007067785395363956,-0.011032337105192223,-0.010110014435655436,0.007547194375845518
2022-03-09,0.03439901671332244,-0.030161495266205762,0.039280873882187435,0.044838165041903494,-0.009847238359315126,-0.05852647429565597
2022-03-10,-0.02756247940612503,0.003116366878477797,-0.011911169749422967,-0.010137810255483383,-0.014471316595029704,0.030570405200936304
2022-03-11,-0.024199402636467353,-0.007052696024243029,-0.02278158535203732,-0.019517902363637086,0.0033406493103288535,-0.005167894134645917
2022-03-14,-0.026921577508685852,-0.01518847505814139,0.009881921353071603,-0.013045559677239455,-0.023625851229858337,-0.036455062371049285
2022-03-15,0.029245544277892672,-0.018882610033681094,0.017590377642602892,0.03801083504981341,-0.0017468857490572608,-0.05859607720836938
2022-03-16,0.028602475517302762,0.006241285995487705,0.04371643362448699,0.024900547963183847,0.009759989791551989,-0.0037626205241792564
2022-03-17,0.006433263930114324,0.004876733952655098,0.01256524530579658,0.0028154019379663196,-0.00748197945687884,0.02629878711530898
2022-03-18,0.02070301388735959,-0.008828710707897394,-0.0003566579427576851,0.017493988799100267,0.012138845101386365,-0.003932538506676687
2022-03-21,0.008501695759658642,0.00761175501954624,-0.0032174079098656484,-0.004236069311372445,-0.023428933438461308,0.043893116465633104
2022-03-22,0.020586917177434987,-0.007277189924242525,0.021044665454721688,0.016246247707524954,-0.012894135137783118,-0.004389309035401361
2022-03-23,0.008200275058014414,0.013567209576051467,-0.02011438005410597,-0.015143928388006152,0.021677914776777798,0.015639737491816318
2022-03-24,0.02242454502060663,0.007234137513108609,0.006489554307490227,0.01527569499279453,-0.007863248571264992,0.003002761654518562
2022-03-25,0.003727058341568997,-0.004103860537691328,0.008704400156100996,-0.00138229133707089,-0.013970140208882764,0.021592712158660765
2022-03-28,0.005024015583025919,-0.018371517706821095,-0.007426094037777059,0.022853644437202572,0.008513231065915762,-0.028452313616089034
2022-03-29,0.018953688977564213,0.00044668806848975184,0.0021982674723238205,0.015045270963674966,0.007524312505995341,-0.0053274552907911785
2022-03-30,-0.006671755787829347,0.008006283379257595,-0.004543597806438541,-0.004926399720777587,0.007771029320701005,0.01697292396896874
2022-03-31,-0.017935829427598186,0.00038752078804877134,-0.030486859107323742,-0.017840972307573956,0.002425576320488002,-0.014305753915693229
2022-04-01,-0.0017196483962656746,-0.00638621587890147,-0.007436901425421874,0.0035936883378046114,0.0037998195502284547,0.006396797527624674
2022-04-04,0.02341715668516879,0.004835061682683925,0.004424572284731742,0.01777783778744149,-0.006974055613630621,0.00048111861474587324
2022-04-05,-0.019123656624029053,-0.006284549046099261,-0.011705658160377748,-0.013070644418220414,-0.02285144831399993,-0.00518395933371764
2022-04-06,-0.018623237827455775,0.0023404756196963713,-0.01397131042792844,-0.037292198867072864,-0.0081268661131647,0.011058979178053537
2022-04-07,0.0018026565968982534,0.0037777415804506904,-0.0030466854284031094,0.006224080397036896,-0.007561057783187287,0.016597768606188792
2022-04-08,-0.011980294364815488,0.006246419748615932,0.01814241436435831,-0.014707539143757938,-0.010889758621120349,0.020828005842522992
2022-04-11,-0.02584705832955843,0.004947206140849894,-0.0036775856009921273,-0.040230285752326414,-0.015951734965640313,-0.03503759804219388
2022-04-12,0.011457481689448363,0.007647435301758943,-0.011038134297784745,-0.011280986090059645,-0.0013816230970041508,0.020655462185698227
2022-04-13,0.016210291687175783,0.004777109287769396,-0.032764354178207236,0.019520292308209043,0.0020310889990094584,0.014036636532662666
2022-04-14,-0.030447104875116905,-0.0033090194372706765,-0.00931257552745562,-0.027457938682451704,-0.02024885216776311,0.011681414089399536
2022-04-18,-0.001331817186044228,0.0030924062818564585,0.018383542035931434,0.002462836700604737,-0.004981549076089772,0.00816427676074539
2022-04-19,0.014016532157639915,-0.015228268112133887,0.02049533512412574,0.016896025169746837,-0.007518582024834314,-0.008961468808793826
2022-04-20,-0.001016130353341394,0.0048830061930919995,0.0035022354441142526,0.003708437508270436,0.01992580350796791,0.0022762618803183216
2022-04-21,-0.004855237782421353,-0.003563943502360224,-0.007782063986898157,-0.019571166660286767,-0.0074256724070438755,-0.010629356701640735
2022-04-22,-0.02821571974752561,-0.009769661352400816,-0.02914322768935942,-0.0244408622234805,-0.0063139082483499665,-0.02207355007185837
2022-04-25,0.006714855791524763,-0.018134432520229594,-0.0003152969045017374,0.024120020022288705,0.009951159957661534,-0.03429426863177712
2022-04-26,-0.03804280109425474,0.0015238553873300224,-0.030027522025487176,-0.03812108544652212,0.01001643946624493,0.00036471187849053177
2022-04-27,-0.0014679746054954953,-0.007585723242633687,-0.013091440369605483,0.04698774907656602,-0.012908652062129369,0.028157174779547017
2022-04-28,0.04416582570071273,0.0053838047894630165,0.015689232846096676,0.022379920131243444,0.0014885585629291298,0.02979741088520191
2022-04-29,-0.03729143061329651,-0.00011298334784093811,-0.0328006877690539,-0.04271095053918983,-0.013057887256498736,-0.02261640534520949
2022-05-02,0.00196434322391413,-0.01871452290294498,0.009090741889120084,0.024734611213833576,-0.017486222397369213,0.013515564507349299
2022-05-03,0.009576657436571144,0.0026457593569150124,0.021193372936180146,-0.009501305071818487,0.006719289462003625,0.02039021777500154
2022-05-04,0.04018974650773643,0.009774616775434711,0.03254609618843299,0.02868557470001073,0.005494766971163694,0.03902867902431047
2022-05-05,-0.05732859810612158,-0.0038184194446891804,-0.025338316883007837,-0.04453162286578473,-0.027780830279957244,-0.015274235564831712
2022-05-06,0.004716029160108608,0.0016545049194706565,-0.001615042091870982,-0.00949169424114,-0.014844590909629175,0.015165059247864541
2022-05-09,-0.033752499257199864,-0.014585347642546313,-0.015148019273142082,-0.037645034986851726,0.008758825120477234,-0.08213537433305426
2022-05-10,0.015983550984244886,-0.00848106565352078,-0.024674218552700824,0.018424624694200555,0.009028917066734638,0.006608609978921105
2022-05-11,-0.053233186026000606,0.008133958004822058,-0.00632844291536214,-0.033773336438789006,0.019088748933133382,0.020604812623646045
2022-05-12,-0.027262492080123924,-0.015452706170676836,-0.000846632812511897,-0.020159766875036286,-0.0018671157405392763,0.004529627953328676
2022-05-13,0.031417663534127234,-0.008142627698810948,0.008855815474574652,0.02234497850509008,-0.014891303181322056,0.0292323523923196
2022-05-16,-0.010729632139300792,0.009493279652076629,-0.0069938432976208685,0.001454018969547176,-0.001035248033668349,0.023247621085613124
2022-05-17,0.025104890695099562,-0.006299094085683991,0.03260981078662067,0.020140003431394028,-0.012157148635221257,0.012673754426865086
2022-05-18,-0.05807337728236185,0.000531343704844183,-0.01725396494131688,-0.046598705784145766,0.02109359549553019,-0.015977566910932564
2022-05-19,-0.024949740380597232,0.014590277160260899,-0.014933191973547531,-0.003706409040302657,0.0023920937312943364,0.005390797062940303
2022-05-20,0.0017455235211978105,0.000697767757192036,-0.008232493803017252,-0.0022938781434819547,0.011286505340847915,0.007869124315320025
2022-05-23,0.03933536931353575,0.004639589893868967,0.060032783064985766,0.03152971634260004,-0.01659144973965903,0.021857941692548483
2022-05-24,-0.019402946969558167,0.007493711725538028,0.014026523083310347,-0.003959466579608327,0.01954017838937855,0.005417318052827662
2022-05-25,0.0011389992840435325,-0.006048248796558386,0.006939968962005385,0.011107957018415087,0.003946447878314509,0.01992706097717962
2022-05-26,0.022934627492898527,-0.001850609639927292,0.017142476309678054,0.012793248569185877,-0.0045354692250595555,0.0035246184793145314
2022-05-27,0.039948074106789126,0.0005208853826908474,0.01403885725684171,0.02723027701370232,0.0024383190559532568,0.009782159560349024
2022-05-31,-0.005360554356024374,-0.009942270255165302,0.007286655841159951,-0.005026625003182099,-0.021389476098586976,-0.01642675870098351
2022-06-01,-0.0008737466946467419,0.0063488366174163004,-0.01770104956704513,0.0020209911809154794,-0.0011434975111726106,0.018985306144036367
2022-06-02,0.01667148007326673,0.012234040087981134,0.015959883126940022,0.007897564410959422,0.0005159823426821267,-0.0017389658352741626
2022-06-03,-0.03931861028423064,-0.010203900438868029,-0.014037440286658629,-0.016746439912325536,-0.0021521947520068,0.014434074626133778
2022-06-06,0.005214178328320613,-0.004413447852864014,-0.0033090973729778795,-0.004714386593236829,-0.018615711269113776,-0.0025263180122135683
2022-06-07,0.01743295188264334,0.006497267812168451,0.00261743848584574,0.013856811157293609,0.0107419997649398,0.04481272622737174
2022-06-08,-0.005056107109615645,-0.0009256257836888652,-0.016042488229887346,-0.0076989750495815405,-0.008900070890501665,0.011732778421588807
2022-06-09,-0.03661784297194268,-0.0031883338247287547,-0.021239509559707173,-0.02100230245499217,0.0033251200242985636,-0.02184499352053504
2022-06-10,-0.03939471575927153,0.013323135228160962,-0.04705612154530853,-0.045587188173719484,-0.006221409218414903,-0.018443206100152276
2022-06-13,-0.03903698716318708,-0.02676735882447253,-0.03023077286615094,-0.04333846625075012,-0.03188167959952422,-0.046975050245377376
2022-06-14,0.006650592926393428,-0.008035407203286724,-0.01677929135464194,0.009162936190820222,-0.012693667155405071,0.0026047536720801177
2022-06-15,0.019911989153948453,0.012966509676610984,0.011766407201644945,0.02930178797034778,0.018484201694194027,-0.012670891896114927
2022-06-16,-0.04045917452661553,0.011180446816136464,-0.01730505095691339,-0.02734060268202378,0.007908132987345464,-0.03758249764330886
2022-06-17,0.011467197390323876,-0.008256810144045652,-0.003532627981338238,0.010880776572864275,0.0032171746365624206,-0.05939412505141588
2022-06-21,0.03223540455450453,-0.0037437854344901486,0.024470343437230157,0.024293728263466038,-0.017097583218949133,0.060378365931931806
2022-06-22,-0.003834398612199189,0.003977268335422712,-0.005627481509876029,-0.0024069742719592295,0.027129033558253912,-0.04037557016817309
2022-06-23,0.02134419297913499,-0.006148118298448717,-0.010999670017845404,0.02238422635550804,0.008181641031172403,-0.030625826539990072
2022-06-24,0.024221566971300817,-0.0009989609969459391,0.02940879837250887,0.033579799154663637,-0.013939562482880075,0.019639323621128385
2022-06-27,0.0,-0.0011176944418580068,-0.008044575831447657,-0.010552618258064748,-0.008565399235140615,0.024215450307783902
2022-06-28,-0.03024234705581989,-0.0016493806069405818,-0.004823555951478625,-0.03226400759346731,0.004648618942658234,0.027365598303094596
2022-06-29,0.012939610345709713,-0.0007666517068580592,-0.004499722868918635,0.014630650308518128,0.015488052961597311,-0.037639716371242415
2022-06-30,-0.01819199749604609,-0.006095587698335223,-0.023606808426506084,-0.01326687337834283,0.008743566730504375,-0.028547031790990968
2022-07-01,0.016035042829533715,-0.0008313996785857856,0.012706410699664794,0.01065059958564226,0.01021407904615971,0.022057933379418224
2022-07-05,0.01875347902114017,-0.021437799680384485,-0.0038110355650564005,0.012518863963212886,0.007826368968738477,-0.03179690993822687
2022-07-06,0.00956167022213184,-0.01596901758740465,-0.006503013705211787,0.01270149669631458,-0.01693356394963262,-0.018205061262543076
2022-07-07,0.023715947419236036,0.0005548992912700342,0.024978167765555972,0.008192907297633447,-0.008839077739228889,0.03144108893558391
2022-07-08,0.0047035057183082716,0.00043143823725389326,-0.00314299885954404,-0.002760707366504679,-0.01113769338904187,0.0016275880711086618
2022-07-11,-0.01486824358681097,-0.0053749265251639535,-0.013203198042934856,-0.01183837250162979,0.017097225886211348,-0.0051246391853407725
2022-07-12,0.006811002061230795,-0.0037236489059839332,0.0009741951384682979,-0.04184500347486418,0.005924676937993989,-0.013400682518285575
2022-07-13,-0.002540082945458888,0.004776265963686179,-0.009427439697442606,-0.0037520473570562076,0.011400879747226787,0.004015318064084429
2022-07-14,0.02027548757115205,-0.014146649261641277,-0.035563909273914625,0.00536700603303067,-0.00819214411103873,-0.020241029484100337
2022-07-15,0.011385208895606323,-0.0020104758163567997,0.044814226450242675,0.010336925772161392,0.005612198463424814,0.01669875974546671
2022-07-18,-0.020859469189669504,0.000942949789432323,-0.0103230803205832,-0.009668032235958423,-0.010473058887987073,0.018284584146824497
2022-07-19,0.026371370369445618,0.002384623832616704,0.024476495448469714,0.020554297434480014,-0.005409150910500967,0.024890974190346717
2022-07-20,0.01341928614271343,-0.009446509339211243,-0.00017459164826995823,0.010502005620430924,0.002620967835047656,0.010929111878470699
2022-07-21,0.014981641169707322,0.01401179660226555,0.006786803265005391,0.009751428711734324,0.017128668675538236,-0.01683753772743508
2022-07-22,-0.00814421505062189,0.0024926409954947677,-0.0048678973891005915,-0.01706046189093512,0.016670905955621713,-0.007664632739812291
2022-07-25,-0.007425486619438917,-0.0027423043036363935,0.004000319881859933,-0.005893833706863557,-0.009832882759894182,0.03276026413666325
2022-07-26,-0.008865733673598697,-0.001186514317386386,-0.01574554926790452,-0.027139289344696633,0.0007666721590852707,-0.0038976021252832564
2022-07-27,0.03366177373549109,0.010133467249785824,0.015919038689404967,0.06471211816457195,-0.005634062371456468,0.021413706214053956
2022-07-28,0.0035655129484435015,0.01211168004371747,-0.003738115505010902,0.028141067237289156,0.007929458148531854,0.011617327825007682
2022-07-29,0.032266827154648285,0.0028071459585694595,0.004778995211268692,0.015543678643419562,-0.0027210233580495648,0.045268265830523215
2022-08-01,-0.006172509258228669,0.005651232868696488,-0.010018802968357053,-0.009771809356026088,0.023797661946632354,-0.025600826446252355
2022-08-02,-0.009330891551645402,-0.005955990148902209,-0.01570800425817206,-0.011540910209689085,-0.021386378684493192,-0.004349316729924146
2022-08-03,0.03753450053338839,0.002435276067987767,0.010440596232168305,0.027456162796424308,0.01562208485977837,-0.032959737215798535
2022-08-04,-0.0019279646125268319,0.016404693683584035,-0.011063346410645866,0.004168570185945969,-0.00033538206667686223,-0.04298944875853484
2022-08-05,-0.0013902408137391512,-0.011309781450742627,0.029810875080025865,-0.00261186592503344,-0.024091280702454424,0.014347510016978402
2022-08-08,-0.002907113730749793,0.008434348290836127,-0.012255019052301398,-0.009197422207999765,0.016012551642021425,0.005637083948405738
2022-08-09,0.0003031523349575699,0.003054867797077557,0.00896698026469652,0.00703867003195538,-0.0038944374514205526,0.01826946391789705
2022-08-10,0.02585732490584908,-0.0025151110588634198,0.025753227227293122,0.024009737863130123,-0.006552767741350484,0.009448463468048292
2022-08-11,-0.004441304677465522,-0.002641706914863643,0.014673397525801067,-0.0074281620477310364,-0.023585676971963513,0.02851734769860983
2022-08-12,0.0211993157967524,0.009155976822720392,0.016428471446834726,0.016893355922760003,0.010089684808261853,0.008654420231993826
2022-08-15,0.006313461193849055,-0.012950528089989187,0.002698493021758478,0.005329917920359712,-0.0008658108402793231,-0.018034018340156045
2022-08-16,-0.0009242846829066212,-0.0017516299628300418,0.009508638088639377,-0.0025929076295469976,0.0041492805751753865,-0.009359047247112132
2022-08-17,0.008746179928347465,-0.006489345947105167,-0.008447759508296352,-0.00263966095188029,-0.010492234401777618,0.008058345799619525
2022-08-18,-0.002294234136061381,-0.0026198444873023344,-0.007779624113020602,-0.003955377776092662,0.0014806160762933025,0.023368973231753534
2022-08-19,-0.015216952263478084,-0.007347552958114958,-0.02505638366298763,-0.013950930067739314,-0.01623355915160565,-0.003183502276028222
2022-08-22,-0.023298649619493784,-0.00665930336783302,-0.016659880958150082,-0.029794561388325785,-0.003367252077366529,-0.0007443563447692781
2022-08-23,-0.0020313674177755785,0.006966551217581505,-0.009905892867751944,-0.00472752577503671,-0.0055184082552424745,0.0415663182379134
2022-08-24,0.0017925589477460967,0.002944580504679446,0.0024209694737519017,-0.002354161507434554,-0.007345363335730853,0.005900939181682537
2022-08-25,0.014812570375212745,0.0030581063588208724,0.023470228988588457,0.011034238901123686,0.013839856145479461,0.005160113019522114
2022-08-26,-0.038428498246177896,-0.012227153201929956,-0.033276421072085546,-0.03935126792717185,0.007509171883763528,-0.0123885948537197
2022-08-29,-0.013784702637939775,0.0006180465249853886,-0.0024447834804313443,-0.010725498286292007,-0.008307500010860466,0.022729437491547766
2022-08-30,-0.015423920897093909,-0.008375556136480044,0.00017474812804232472,-0.008557277789235441,0.002481767065904101,-0.03879736048297894
2022-08-31,-0.010691799570474277,-0.0077553096129762645,-0.0059611125022260205,-0.005720598963653435,-0.009606768153960141,-0.007503935031928582
2022-09-01,0.004695859773978348,-0.00882902347465035,0.00683490204131933,-0.004100606863831302,-0.018478171965581044,-0.018157203682018473
2022-09-02,-0.013704575624536518,0.00876617372318804,-0.0070106950654565585,-0.01680699492182089,0.005641229106578709,0.01815720368201859
2022-09-06,-0.008249213528840374,-0.005856578259356107,0.00026367794886853553,-0.011034676787787207,-0.025080509561884474,-0.0067177172958621245
2022-09-07,0.009211534734811552,0.010117286090114818,0.018812688944558523,0.018931221128176558,0.015691616783147424,-0.008567368404255898
2022-09-08,-0.009664537922166767,-0.006020378897494643,0.02302862304113352,0.0016645717541888348,-0.010310243724321858,0.00814611559218192
2022-09-09,0.018664528953723246,0.005269846503477033,0.004794675946455357,0.022716992075465785,0.0022182305746336764,0.016613728700935054
2022-09-12,0.03778496876902604,0.005055386193321507,0.011762250347584203,0.008247130024435747,-0.008251169548373027,0.01143715205632158
2022-09-13,-0.06047164520679405,-0.013096728906648173,-0.03536675451513427,-0.05654762105768678,0.0023247318629878375,-0.02363556810023939
2022-09-14,0.009510121917056457,-0.003855034555311845,-0.002322527515345807,0.0009123221791111154,0.0034304127768531923,0.024249996819642346
2022-09-15,-0.019111453508844974,-0.018855801737618274,0.01495824910530242,-0.02749371869781192,-0.0006482479927639239,-0.02950870749293544
2022-09-16,-0.011020464244538857,0.005533767627080335,-0.006724930022713595,-0.0026115093104626024,-0.008370707785674773,-0.017230919852690162
2022-09-19,0.02477320722788488,0.0007697907679810017,0.009182216276335333,-0.0008994019036437515,0.002332242723109664,-0.00010721657190590691
2022-09-20,0.015543995310623943,-0.005722932055293624,-0.01991590229726432,-0.008501637596398397,-0.010020038665388175,-0.008187629878468947
2022-09-21,-0.020475579871987865,0.004632228320962459,-0.02925944081819765,-0.014541155269168202,0.01661389754248309,-0.01625013574921766
2022-09-22,-0.006395739292311376,-0.0005778441890031698,-0.011443943384637851,0.008459655912103252,-0.02588013013504284,-0.004186810139454942
2022-09-23,-0.015239451679363726,-0.017427816406674814,-0.018788988477656417,-0.012779525116632745,0.004076205742694981,-0.05468704835584152
2022-09-26,0.002257871350737991,-0.01170141432179742,-0.02176709883795115,-0.0019773989252792443,-0.01929554592182956,-0.02085732775383064
2022-09-27,0.006544672108248925,0.0020477436877313054,-0.008841370813338639,-0.00438949920720282,-0.026683764423475177,0.020740683672527863
2022-09-28,-0.012732190694346513,0.02057355783217789,0.020015649326168446,0.01951987245202956,0.03293373074130442,0.035742757271996654
2022-09-29,-0.05036626892892988,-0.0001939471718055397,-0.01709121648580114,-0.014919843948924112,-0.005189549150937676,-0.002027662185319783
2022-09-30,-0.03049975251451874,6.462035224685361e-05,-0.015760455863043997,-0.0195584635510996,-0.012995140172795896,-0.015569618518925537
2022-10-03,0.030289027733207192,0.02401900594536341,0.030441279387105922,0.03310844155482634,0.015764614077352742,0.05145372936290568
2022-10-04,0.025300466134313318,0.014226444596111972,0.04572209718709888,0.03325332843529671,-0.0027967456932566975,0.03579630438019567
2022-10-05,0.002051014896387714,-0.005553659432976476,-0.012423559977025423,0.0012849178329650695,-0.009607257022126022,0.039616302320015694
2022-10-06,-0.006647578542445737,-0.0011269264553861384,-0.020592829756373204,-0.009718000192276203,-0.005573812576898368,0.029229619198821128
2022-10-07,-0.037410002480368354,-0.011023386142689101,-0.020176244370174796,-0.052191472569999335,-0.009755277216414112,-0.010143364042094044
2022-10-10,0.002352949679928235,-0.015318203217156916,-0.00938534118782561,-0.021533197447178628,-0.015668215929689033,-0.0219151464485477
2022-10-11,-0.010307858898266157,-0.002060212330939929,-0.02928461176401448,-0.016892134873621543,0.004415818750991871,-0.008534747910079108
2022-10-12,-0.0046156987003565545,0.005335071671709423,0.01605343942695574,0.0015071720614909594,0.004894651259305846,0.004378096094006718
2022-10-13,0.033060481136827226,-0.006947611087114204,0.054102765367896544,0.036918160259309205,-0.009612149922430483,0.034351972352193894
2022-10-14,-0.03277106664633202,-0.012537160793022467,0.016503786572480833,-0.024547494787157943,-0.008284434115447365,-0.026660261651333235
2022-10-17,0.02870647584063701,0.0028720806307473926,0.04114214823837571,0.03849506596770442,-0.004881665524284407,0.014313891394566507
2022-10-18,0.009365371268375755,0.002148660090392182,0.025395322287722438,0.004075442026240565,0.0023419870443300884,0.0017870966052744872
2022-10-19,0.0007650263280106498,-0.013488925988338462,-0.01980100979058858,-0.008505595992231552,-0.018373772354906,0.02923141293796021
2022-10-20,-0.0032725340054508326,-0.0015834633753089122,-0.003266753689388468,-0.001396605815743732,-0.017240931213203595,0.0013479440478967022
2022-10-21,0.02669958449462067,0.01767059741452654,0.051194384601520856,0.02496646168199975,-0.018186933389493266,0.018399889615463443
2022-10-24,0.0146941398903025,-0.0032488658845126403,0.001226381820353021,0.02096640521570796,-0.008298732956760594,0.006965827284885829
2022-10-25,0.01915306099369358,0.002275353560635257,0.0026113634626737455,0.013697590799575131,0.028696778991737056,-0.006777126878837539
2022-10-26,-0.019822248457506846,0.006343446354353355,0.01142591436595042,-0.08029550681770674,0.014304463001634652,0.011830119420423774
2022-10-27,-0.030939210596373428,-0.0015497241473593686,0.003940271171613648,-0.019953874944335703,0.0104164468982183,0.0038194584236446276
2022-10-28,0.07283481576818948,-0.01026317410117862,0.011808129233086247,0.039432548659863696,-0.006898120808163846,0.028867891829917343
2022-10-31,-0.015530652875691681,-0.008194886192774814,-0.0015875844307557336,-0.015983209225285334,-0.007153284991095637,0.0009931158646050125
2022-11-01,-0.017698294303761537,0.010151726172797497,0.01787230793087613,-0.01720671545943292,0.00930227441931039,0.00987820176940731
2022-11-02,-0.038018695395827716,-0.006996970202892216,-0.00925051599240699,-0.03600881401860621,-0.004349880019297833,-0.020766394560640958
2022-11-03,-0.04333028496484906,-0.003813297433937162,0.0018097151718405842,-0.026938500710378257,-0.005411335442273398,0.013501912781756673
2022-11-04,-0.001949053078945757,0.030234583252843297,0.02699102258738669,0.03278220098496411,-0.01694330964086451,0.010832312512374142
2022-11-07,0.0038943147384668505,-0.003970260739379374,0.00526627433462836,0.028849628084693095,-0.010026816386853474,0.011772702577473933
2022-11-08,0.0041666003732779575,0.02283632894068681,0.0006086183570150732,0.004378878069257508,0.010875364427917016,0.00316288745949473
2022-11-09,-0.0337532390303629,-0.005029894759161607,-0.01309398729652178,-0.019234075600519103,0.0032819503452509173,-0.04576837312569344
2022-11-10,0.08523648029070298,0.029990153003992603,0.0403346605945088,0.07905896683663016,0.03775178732906263,0.01458548088632982
2022-11-11,0.01908529648492062,0.00658459794711783,0.001627449915210372,0.01685453344038041,-0.0036705609109929094,0.03074412733493761
2022-11-14,-0.009530804903386703,0.0021852662272774694,-0.010326700286412948,-0.02275705344495367,-0.0024547808590428726,0.0029152023579187866
2022-11-15,0.011799327294286842,0.0035106980811025834,-0.007269930294008304,0.0017372057216599025,0.016051155855626408,0.00668127799380563
2022-11-16,-0.008365750408496101,-0.0022987420952167376,0.0013529007125926676,0.0018217739275982376,0.0216324426997004,-0.01074708553085948
2022-11-17,0.012887825802794961,-0.007293959961673216,-0.004366494416882619,-0.0002067160620699184,-0.010608335038390378,0.001327406080644371
2022-11-18,0.003774883739174769,-0.006917507382313755,0.009760604342294248,-0.0019053110153264892,-0.006901085350670558,-0.008705573958410016
2022-11-21,-0.021918852747784608,-0.0056056352070885974,-0.005920071959325694,0.003434954249832753,0.0042062105371680186,-0.009952963936999052
2022-11-22,0.014554885626808583,0.0011730356909015207,0.014846095942827495,0.012236466166822163,0.014091865806685273,0.028516126308460617
2022-11-23,0.005908608782231335,0.006212503317279542,0.010607111516724721,0.010353076754941517,0.01729143443585638,-0.005004608588968942
2022-11-25,-0.019788113461623305,0.000858102340972588,0.0019032592201996216,-0.00036367885097102307,-0.0033956425907018966,-0.0035271092704242677
2022-11-28,-0.026615309610835837,-0.007934893665371402,-0.01763297276924777,-0.023424833813593376,0.002814184774179444,-0.030492871297828447
2022-11-29,-0.02137517150399751,0.004928261563008794,0.016315671409221494,-0.0059323167208797075,-0.011795170649940658,0.006626067016242699
2022-11-30,0.04745008729204754,0.012700921015012892,0.011793169456880737,0.05979947801331456,0.007327420760410718,0.007210917513153289
2022-12-01,0.0018897888377641498,0.018217842396307575,-0.014139184390101874,-0.0017653215971343943,0.03144621027044014,-0.004861701152199954
2022-12-02,-0.0033768030279338512,-0.0034616677176241193,-0.007958757734681141,0.0012948002812251658,0.012497356137281932,-0.008520073645760087
2022-12-05,-0.00801534546575758,-0.01730780530272015,-0.028441442320293372,-0.019081536242499125,-0.01410614676434668,-0.027780868652772482
2022-12-06,-0.025697273545606546,0.0027336344458788004,0.0016729972604296684,-0.02051259345967379,0.012797953755856729,-0.02818953675742292
2022-12-07,-0.013880885713282711,0.008998493556537802,-0.0006841804464894073,-0.0030643994209091224,0.023289095446267807,-0.0022165715665539683
2022-12-08,0.012059698060157241,0.0008413425277820795,0.010439796582209834,0.012323101252404088,-0.0027442490518581222,0.007401460836043919
2022-12-09,-0.003440743568035088,0.0035378943750204003,-0.005433061304598466,-0.008035541125636387,-0.02635863441232343,-0.008463228556795545
2022-12-12,0.016257065950688397,-0.008294841833501867,0.015392490151054981,0.028479802962487595,0.0031922566729254407,0.024329753563272695
2022-12-13,0.006759710361678453,0.016936889733695323,-0.00096939179271503,0.017313956490243032,0.009609745494002071,0.010874783074615358
2022-12-14,-0.01565777919072815,-0.0024359858905979824,-0.005009305128174466,0.0011670152363664251,0.004262022588982222,-0.007393181155160801
2022-12-15,-0.047987684013991595,-0.016494600382901816,-0.02512376134332158,-0.03243871058757768,0.003894415334538919,-0.009627310551189325
2022-12-16,-0.014686140298268119,0.008671019495160068,-0.006245476535702767,-0.0175009796730141,-0.011233548927459173,-0.007043003477214752
2022-12-19,-0.016037435580297504,-0.0028218082489996433,0.0059378665068826565,-0.01747999266054269,-0.01694820388839506,0.004478997441251575
2022-12-20,-0.0005290378703817324,0.016458298941440033,0.004832251062964586,0.00559885607128403,-0.017916719095690713,0.01434944486350576
2022-12-21,0.02353057909024371,-0.0016573862871153066,0.011185327079011544,0.010818033320947,0.002510590449879701,0.012759192982183698
2022-12-22,-0.02405954557972228,-0.012158980168932585,-0.011415031292158104,-0.025860261355804215,-0.0001927027461749594,-0.02038039909162282
2022-12-23,-0.0028023182903626456,0.002993835039254722,0.004734090197391379,0.002264461406967236,-0.014769239243112997,0.02610160196296024
2022-12-27,-0.013975506356397854,0.008394677302769623,0.003497834872772231,-0.007441785247055809,-0.01997108471437632,0.013798324500816627
2022-12-28,-0.03116589039296478,-0.004515989032750605,0.005450335750741904,-0.010307716880755245,-0.005908999913790463,-0.01656265965007316
2022-12-29,0.027930763103803477,0.005582639597805041,0.005721380321936657,0.02725472428378678,0.011287040254910417,0.0075373878270849435
2022-12-30,0.002465682765212646,0.004667758029330661,0.006583847099164593,-0.004949669183773483,-0.011186644143810395,0.010022993427129609
2023-01-03,-0.03812216484025671,0.008335816871946341,0.007577280185031584,-0.0010012929259644665,0.018903907821285457,-0.03496496031063309
2023-01-04,0.010261336333221972,0.009367889939565922,0.009282188000027263,-0.04472882363822167,0.013607267009362678,0.0029062419287113443
2023-01-05,-0.010661241939276938,-0.01252963086748756,-0.0002216858932032388,-0.03008595057025971,0.00417208409859143,0.02212735408398089
2023-01-06,0.03613328590436664,0.018534663811199246,0.01895464114522586,0.011716585389572355,0.018229345740827657,0.012014513971435886
2023-01-09,0.004080496055267949,0.0022426010679794787,-0.0041410207907983335,0.009689168867940651,0.0053102211186842425,-0.01881332635108126
2023-01-10,0.004446738520311323,0.003669304474491391,0.008914356970616549,0.00758847109851263,-0.016688671269884433,0.014824480002303806
2023-01-11,0.020892541388440662,-0.0006870298860052756,0.0074038156651016745,0.02978975911700675,0.016121045753346646,0.011559718489176873
2023-01-12,-0.0005995961088664494,0.011501603213231942,-0.0010030091697748767,0.011554578112951502,0.019490583851728385,0.01647491712388137
2023-01-13,0.010068244216755406,0.011930333702592914,0.02492152156433266,0.0030141224962193314,-0.009416480580074741,-0.0006184760725998358
2023-01-17,0.00871817526948186,-0.006566591290624395,-0.015574092438069903,0.004670803208611508,-0.006484999741701509,-0.0019461796245136174
2023-01-18,-0.00538445693575941,-0.0028758838411488395,-0.03050291844795576,-0.019069743891173208,0.02394289901008641,-0.02075760902110507
2023-01-19,0.00044380229685745683,0.01574393137747084,-0.013416335343589275,-0.016590855920366437,-0.006279737618301456,0.006398235202871273
2023-01-20,0.01903829354780657,-0.0033409804213138158,0.0024460757625884284,0.03511955864751634,-0.016343969628622543,0.018071635412357782
2023-01-23,0.023228858199164294,0.0018946378029897782,0.016082786046366288,0.00977635570182461,-0.0047194003100607075,-0.005218811404313239
2023-01-24,0.010012441957593092,0.0036119840879409123,0.008559365117048532,-0.0022284175248447,0.014278279508452039,0.009268719616846515
2023-01-25,-0.00471167987622521,0.004593393795208086,0.004827541243013718,-0.005925757003785007,0.0024219491617424836,-0.005285972500985497
2023-01-26,0.01469458805807083,-0.009096515003608066,0.006162836831577098,0.030251505704078245,-0.004662984450624048,0.039404373961599785
2023-01-27,0.013591663504367352,-0.0013939615756237058,0.002425808445993555,0.0006449588685225138,-0.0025271026078993635,-0.018426239628395704
2023-01-30,-0.020282352192702274,-0.002570014931290955,-0.008516786141608857,-0.022206511109467315,-0.003661366065846179,-0.01789120604972737
2023-01-31,0.008980319535356615,0.0036296165072691286,0.005947894025564098,0.020795008643988137,0.007963141600800486,0.021345074342216712
2023-02-01,0.007869955796133081,0.012518134528387544,-0.0026472423563180508,0.019738590776300795,0.011949315221625258,-0.011007655359872977
2023-02-02,0.03639217799876277,-0.0209702840085377,-0.004667093797433756,0.04581842805157011,0.0012932563892840113,-0.03178804573759846
2023-02-03,0.024107104937719965,-0.025274496401227434,0.015355538107814468,-0.023903901847600818,-0.015068619353937177,0.006903680346189872
2023-02-06,-0.018091799929358623,0.002073259184240806,0.00586573932667674,-0.0061348162614818435,-0.007431122461258689,-0.0016990293329773793
2023-02-07,0.019061972171434145,0.0009200023760844002,0.012116316646589406,0.0411630236382292,-0.008058369462857283,0.028150821393326426
2023-02-08,-0.01781040665871129,0.002468544755507998,-0.007055915469815882,-0.0031064193226078432,0.004747680135444331,-0.008739650871062671
2023-02-09,-0.006935414749528195,-0.007943887464013586,-0.015686116225150117,-0.011728490626348976,-0.009518333438522781,0.003767422353385286
2023-02-10,0.0024530305079410535,0.0019053779351280687,0.004405621224415619,-0.0019745460671734155,-0.011253006024688041,0.041287003285271726
2023-02-13,0.01863203947744395,-0.005089097798950408,0.010789527371233072,0.030764820625185155,0.008379830637195376,-0.0038971842565563328
2023-02-14,-0.004233705980774323,0.000753454984742333,0.004409257735316448,0.0031278869345985824,-0.002304694940626252,-0.011784022920144781
2023-02-15,0.01380772453401896,-0.010014646847400324,0.004181127558856761,-0.008025145302977014,-0.009368921175191225,-0.003010660672004451
2023-02-16,-0.010484361781896883,-0.0008195726363130796,-0.013864736313559894,-0.02698327445418299,-0.014269321921704084,-0.002933655596915925
2023-02-17,-0.007575170614096675,0.002982339072148569,0.00295715943037543,-0.015724685190599153,0.007746404226212027,-0.03921043138740583
2023-02-21,-0.02704229060193945,-0.0037440046605545256,-0.018519870734485716,-0.021107839932923613,-0.019628688364847463,-0.0009888503280252989
2023-02-22,0.002892030424272777,-0.0056423768979153,-0.00769285341619705,-0.004601628040493432,0.00912231667573754,-0.01303792715669548
2023-02-23,0.003285104918984299,-0.0005305918526508474,0.007979442954791088,0.012878478296181588,0.009724572894288004,0.009162239936981042
2023-02-24,-0.018169532496734267,-0.0072206822499255125,0.008980691793406784,-0.022025053947121214,-0.013086012679063754,9.042292734422394e-05
2023-02-27,0.008213811522261158,0.003912670406128105,0.008689688802654584,0.003764607261757033,0.0027692476820741553,-0.0018075082376610954
2023-02-28,-0.0034538828634163334,0.004545621851780495,0.00833624343442413,-0.0029625003881489846,0.004532985246429789,-0.005806125377471776
2023-03-01,-0.014348513619503737,0.005755555600934512,-0.005596292211607398,-0.012709669487093449,-0.010801197670368537,0.008876804450538216
2023-03-02,0.004120883858291952,-0.000585735153896139,-0.010436643030032298,0.01946256514665172,-0.008906853331873769,0.004588712558364558
2023-03-03,0.03448827436201839,0.010666001055863707,0.0181929196525528,0.016509008245203134,0.023937047841023594,0.012577531413972234
2023-03-06,0.01836994600175025,-0.0050565936951402655,-0.0058641444747389625,0.006170009825202304,-0.0077836316890465326,0.00882551100214021
2023-03-07,-0.01460281493384114,-0.017635068390636166,-0.02984861692210566,-0.010645566176198157,0.006113831938895822,-0.019519737617302718
2023-03-08,0.008342318990795043,-0.0004745630282821619,-0.005933247358103716,-0.001772134276388874,0.0009825140134661998,-0.014712019135579046
2023-03-09,-0.015026963668229852,0.00980112770009771,-0.05565684743537731,-0.0054540911200465,0.0024522361020232826,-0.007758823217975287
2023-03-10,-0.013975891171824866,0.02133366724772398,0.025078058914347386,-0.014893279785254369,0.033904863051785444,-0.012447824803230586
2023-03-13,0.013178838273146958,0.022688861946558773,-0.018120576745230335,0.02121431324788558,0.0022703389787007947,-0.011571545402838694
2023-03-14,0.013990711486252295,-0.005807897981361377,0.02535231718662224,0.026696079060766736,-0.016578026251385002,0.003747599130303753
2023-03-15,0.0026180517499051524,0.007773838437142398,-0.04839675212035339,0.01767358050289862,0.019126291222732704,-0.051027487644256866
2023-03-16,0.018521520234077306,0.0020180543660701534,0.019227693784695677,0.03973639416021276,-0.007853682384977538,-0.005823079568261214
2023-03-17,-0.005469139103738832,0.02870427673130465,-0.03851424955834178,0.011626336764893393,0.01489766070824542,-0.011848503709446203
2023-03-20,0.01536528169385144,0.0003807952240648717,0.010516050194272956,-0.026104447165898888,-0.00883636747354672,0.025805952412109232
2023-03-21,0.011873433008181581,-0.01905552456933767,0.02646741463830146,0.0056773785062299055,-0.008629433858081405,0.04382774952595943
2023-03-22,-0.009145171087839842,0.016877382247649342,-0.026152867887472123,-0.005456884188216998,0.013245482792162469,-0.02315475691093386
2023-03-23,0.006945190136725358,0.012460224063675791,-0.0026769671081476928,0.019529584827611496,0.0,-0.011346131597686934
2023-03-24,0.008271536521886754,-0.011316136891165252,-0.015333006114601797,0.01042584429045253,0.00422031853946558,0.0011596634617272946
2023-03-27,-0.012369639959143478,-0.009299831745516636,0.028257665019447042,-0.01504642982115565,-0.0237713667098738,0.0216891371808349
2023-03-28,-0.003988116436307696,0.008155744573006158,0.0030306317902253476,-0.0041696802278105086,0.0018194970738167778,0.012399132898856396
2023-03-29,0.019597287992854047,-0.0049731154716589265,0.0020154568531822394,0.019002234597769563,-0.002011194417859773,0.017031172661255714
2023-03-30,0.009841289525838442,0.008998964139577773,-0.003024647268382878,0.012540922875774628,0.00459086689522288,0.004852354069500979
2023-03-31,0.015523150614966072,-0.0052258772770236855,0.012043769602999903,0.014851351294650645,0.014869687839893841,0.0015516117292673824
2023-04-03,0.0076720444387634555,0.00717858251921089,-0.0011518407180211888,-0.003718227759745513,0.004691889291954068,0.05732531367217534
2023-04-04,-0.0032548162613909378,0.01846934569510849,-0.01345842059320773,-0.00017418389598344614,0.004959486122202346,-0.009604128619296185
2023-04-05,-0.011354511029360777,-0.0007982432900847153,0.001490026765001712,-0.009938521202985115,0.010400680671281326,0.016982428916490648
2023-04-06,0.0054808457122774495,-0.007159660374899705,-0.0010976189776204493,0.025212444582098127,0.0025830242578844457,-0.01672156844540928
2023-04-10,-0.01610149403825318,-0.007427401530065852,0.003289375759555242,-0.007607800381094377,-0.0162559057304559,-0.004442590103062384
2023-04-11,-0.007619810645088571,0.00630066529229045,0.004914053567889414,-0.02292941235622229,0.002058343758610211,0.007046731297107663
2023-04-12,-0.004362697213829173,0.0048732452945133,-0.0001555741689450405,0.0023308629045226425,-0.0010285236090613254,-0.0010406971439872968
2023-04-13,0.033534971611083375,0.013425150587981827,0.00380590278094658,0.022152191237875506,-0.007889723259491636,0.0046752117590876255
2023-04-14,-0.0021162558608721804,-0.017869017219899228,0.0727947089536535,-0.012847833766303631,-0.009188891256886284,0.0024156917068122725
2023-04-17,0.00012093730922298004,-0.00446370276447651,0.007897934712897419,0.009253228843044107,-0.011966620018108845,-0.011701205823570605
2023-04-18,0.007476752612589248,0.0038732698004284223,0.0111651817372093,-0.0014900626204845224,0.0035568881066022906,0.01934100069100709
2023-04-19,0.006944031309968097,-0.004789973842758077,-0.0012738545964854427,0.00027742178615457256,-0.0009602322833606509,-0.0031689750056551726
2023-04-20,-0.005863423516659664,0.003930524556986942,-0.002907399777864765,-0.008145383902466857,0.008513149454510352,-0.008010095373216272
2023-04-21,-0.00982915054044327,-0.009936876904451757,-0.0019192922192945313,-0.0012240490009820524,-0.005635295325753625,0.0031944924247589417
2023-04-24,0.0018768186452964828,0.0030347260178608367,0.001351192877906529,-0.014061474003050597,0.009627685314675602,0.01870166100968601
2023-04-25,-0.009480425047516046,0.005073426510561734,-0.021983966114936325,-0.02279358972145364,0.014597504175177625,-0.014315168492661325
2023-04-26,-6.110033777546974e-05,-0.005452222698837164,-0.017882367143377854,0.06993160954545677,-0.010715445421662697,-0.009225397757072889
2023-04-27,0.027999478622725088,5.4098929279836664e-05,0.013368934539746306,0.03152531155579829,-0.009971917805968629,0.011882301111816962
2023-04-28,0.007512834445287501,0.0002706158931134578,0.008645412508266682,0.007939980452486279,0.016001374000675916,0.012841867015861628
2023-05-01,-0.0005305097225066597,-0.004501468248394752,0.02118607491745526,-0.005547820136080799,-0.02925802592382191,-0.03150326901648127
2023-05-02,-0.006210777083484772,0.019112821699645757,-0.016279274648380814,-0.0004912826007801186,0.024614379186067376,-0.040669322703703464
2023-05-03,-0.006488032341702443,0.00844333039400089,-0.021390345628803722,-0.0033123228299230516,0.005566254543655253,-0.019906251589118355
2023-05-04,-0.00996309852509198,0.007008337579460111,-0.013772934871750336,0.003312322829923096,-0.00992765748776037,-0.017666462296934703
2023-05-05,0.04585911676295444,-0.015771672012865216,0.019346570870056423,0.017011748397338065,-0.0033312692926292095,0.024591384229236114
2023-05-08,-0.0004034445682725228,0.0012261535425393925,0.0024104251011101206,-0.006459028622731309,-0.014114006104247576,0.003948773811720296
2023-05-09,-0.010021245902280946,0.007061173494320752,-0.004826793020505909,-0.00536000378835132,-0.0035838117894321985,0.0002749881666652796
2023-05-10,0.010367218251115926,-0.0014294640409972018,0.0005130510281645038,0.017148561902620166,0.009657184454722256,-0.012910591376476455
2023-05-11,0.0010941670398852915,-0.008619799546280105,-0.003155765038308286,-0.007069350835801001,0.010516620429490963,-0.018264888424529235
2023-05-12,-0.005432460160674126,-0.001711544099310757,-0.014436566843287852,-0.0036826241831082996,-0.008404543044643668,-9.466263430484466e-05
2023-05-15,-0.002901579844292048,0.0021389727993926496,0.008391211086237704,0.0015844896537390567,-0.010411605777606782,0.0019051748701438586
2023-05-16,0.0,-0.01257816833072297,-0.006751792136914706,0.007340639399054823,-0.0030085973020186224,-0.024568714082996334
2023-05-17,0.003596797457907756,-0.003467895133703326,0.03028403717693872,0.009407243082443298,-0.0029203089814823016,0.022186757205305534
2023-05-18,0.013573563584111678,-0.013057794413406836,0.007555352901219389,0.0142922625992504,-0.007436345747074297,0.009022258918438402
2023-05-19,0.000628062082279378,0.009850156652287684,-0.0022965322600174407,-0.0005652181770982406,-0.007096663069003019,0.004621957691929173
2023-05-22,-0.005495776542992055,-0.002344243508491738,-0.008296924142557475,0.008881533586378861,-0.003567056107802481,-0.012214234903298976
2023-05-23,-0.015271002041185493,0.0012000108481294142,-0.010487684550756654,-0.018603864432977475,0.002874550419454954,0.01353100290090601
2023-05-24,0.0016306615040759906,-0.008101176111367243,-0.009193261150317952,-0.004482636687774475,-0.004961448047036148,0.011122104051959392
2023-05-25,0.006670111356288975,-0.00966457904681634,0.0024353291142653983,0.03773694404475032,-0.002489817412358291,-0.018101165104146846
2023-05-26,0.014006222442710986,0.003987606250000357,0.009317305184328247,0.021160115334930736,0.00804489496104797,-0.00655194184871853
2023-05-30,0.010603239406299036,0.006171471778321201,0.0037902676799610674,-0.005059463838473211,0.009941579114754002,-0.00889918971651701
2023-05-31,-0.0002820911598286976,0.001537018842589403,-0.012812650370835326,-0.00855089161124031,0.008679220687392663,-0.018039386218917493
2023-06-01,0.01589564284168386,0.007867103377943253,0.013685055890668124,0.01267863380517032,0.003915469583301057,0.011482023560480711
2023-06-02,0.004763851952145774,-0.014857275420164701,0.020788410999817493,0.00844333770177716,-0.011018415784559385,0.022954334120245487
2023-06-05,-0.007599914940031188,0.0060023657211361265,-0.009872616127933075,0.0016089367122848188,-0.0018648198805737786,-0.004453997674846052
2023-06-06,-0.0020625312713980462,0.0010974372841257363,0.0017955186611723543,-0.00675029940806272,0.005876667081106377,0.008134758455437534
2023-06-07,-0.007786368573920644,-0.012083252758880945,0.009642115609046263,-0.0313543169270582,-0.014954853830980646,0.02217339503079479
2023-06-08,0.015346750331257911,0.013124733073092816,0.0002844007802298637,0.00579676967428485,0.011629156850541266,-0.003137520029162841
2023-06-09,0.0021575401673082357,-0.002688130119841765,0.00198751111188936,0.0046929666242803625,-0.0013726890205739395,-0.007422052484001277
2023-06-12,0.015517573776127839,-0.0008792504640156504,-7.092275906279872e-05,0.01536511929701962,0.00293914914502582,-0.009073516769922053
2023-06-13,-0.002614923914476985,-0.00739483312084137,0.007208107492921554,0.007325852650947047,-0.009929997340315197,0.00018804463851989609
2023-06-14,0.003485187835909523,0.0005537743402144653,-0.0037390228300214325,0.009082437988434682,0.00797149724634571,-0.012098407796335768
2023-06-15,0.011136534861423294,0.007005982383036308,0.011244713472676977,0.031398672318113656,0.009560070483676575,0.006917749034035943
2023-06-16,-0.0058770931172980635,-0.0015404017609150433,0.0011875263784100097,-0.016714825674193065,-0.003890848030241501,-0.007203223615302346
2023-06-20,0.0004864531740305755,-0.010404681043488588,-0.0051086674475420675,-0.01258133179986974,0.006895972668745267,-0.0231908650835525
2023-06-21,-0.005691407878984581,-0.0014474699268161662,-0.001474415158045338,-0.013370999714322776,0.002417225439133902,0.011133390975268317
2023-06-22,0.016390268723668066,-0.009966480697039254,-0.019440342590055417,0.018269479643635535,-0.012143832944751194,-0.005502905720535762
2023-06-23,-0.0017129433963044291,0.0027534519339434175,-0.005243594623627948,-0.013902061425166706,0.009920484044814363,-0.008750460944693401
2023-06-26,-0.00758149149135385,0.0017380933759117798,0.0024456895308543674,-0.019348918001132816,0.0010639009611311122,0.018288753104113112
2023-06-27,0.014946794897181757,-0.00460411859047838,7.196124326334054e-05,0.01800480349638358,-0.002613846593111493,0.0024898844177154
2023-06-28,0.006307789116266088,-0.002310076023493695,-0.004392134226007876,0.003818597672718245,0.004255893094901213,0.008097203171770786
2023-06-29,0.0017950345905721646,-0.0010723394318449203,0.034327282638871456,-0.0023849954332060466,-0.018213362761450125,0.012258456566495612
2023-06-30,0.02283973529884823,0.006641221688667137,0.013916716467494337,0.0162530274346407,0.01172586963672505,0.005141509487988539
2023-07-03,-0.007815205313506652,0.001121247777740352,0.008012297395209996,-0.007516512661472235,-0.005685376378254531,0.001956100199152272
2023-07-05,-0.005888773214473795,-0.003536277643963551,-0.00668370797551828,0.00047341259324487525,-0.009547527045674613,-0.0051312026732430625
2023-07-06,0.0025056928489297706,-0.002984649764026069,-0.009936057185561094,0.00918438758248025,-0.014244264953329097,-0.0380355541287819
2023-07-07,-0.0059087882185175165,0.007473004815488796,0.00785939458142774,-0.01193839657315718,-0.006037330463493023,0.002329403310010144
2023-07-10,-0.010915196554054877,0.0007833887164984092,0.005596236031449806,-0.01611280050405981,0.0013111990225188083,0.014722374377022163
2023-07-11,-0.0028140273114381077,0.003740607755698653,0.01551797755562966,0.0019267465158438206,0.00512729906545411,0.012152394112584562
2023-07-12,0.008945528945721402,0.013450555215707776,0.004939539925048306,0.014126657325479446,0.011069745323818572,0.004895006504949737
2023-07-13,0.004049210980801831,0.0007144446386035077,0.004848113544594514,0.016062645386125406,0.010457965051529806,-0.018481368719606466
2023-07-14,0.0007869669354628967,-0.0031917364290746223,0.006027516388165563,0.007500845362503877,-0.005905992162095,-0.03504340870078146
2023-07-17,0.01715769427694991,0.0007163001287566721,0.023817743658854876,0.0014183830041724483,0.0004931554799687423,0.004349381979298028
2023-07-18,-0.0013413332018629392,0.011391151915954547,0.0018238638023114553,0.03902822265879735,0.004529117232830611,-0.004547591318525517
2023-07-19,0.007046690391520863,0.00016334311378929522,0.003832115258218698,-0.012343215129268864,0.011233609438287212,0.006912255586654716
2023-07-20,-0.010148589586704755,-0.005076251540707524,0.012242430518706507,-0.02339302313803739,-0.012216363415126075,0.017461276178101108
2023-07-21,-0.006180592161512168,-0.003069238517008006,-0.0077146164334784256,-0.00897717501350894,0.0002948946255645811,0.004630913563338947
2023-07-24,0.004211147839147685,-0.0042906650791519445,0.019492786301711692,0.003890178715937458,-0.003643484327656439,0.015567989007950195
2023-07-25,0.0045034217061198385,0.0055524167407640206,-0.007496543916047854,0.016866221494896957,-0.0018764905862896388,0.0015149993916077989
2023-07-26,0.004534686683910102,0.0048672507195615744,0.005976317252662782,-0.038364237622533146,0.0009882312436264524,-0.005598430281267448
2023-07-27,-0.0066028053207693544,-0.015836715414990758,-0.011090740471388276,-0.02109285068181741,-0.019644907384665213,0.0031352019228775663
2023-07-28,0.01341745827659946,0.007949707574281263,0.005688273754557772,0.02286764252322024,0.005122747787830374,-0.012024024904949592
2023-07-31,0.0031610883178675663,0.002690787072192315,0.006669380962961461,-0.007266733233562259,0.002401718502024226,0.0291409379909709
2023-08-01,-0.004285064122212616,-0.010418766955581948,-0.004950211539105761,0.0012495796844074114,-0.016522813945755534,-0.005798173385000027
2023-08-02,-0.015611105827611505,-0.004776993918500052,-0.011389379828776788,-0.026634613776878837,-0.010756311780500061,-0.012552672450996546
2023-08-03,-0.007348686085437066,-0.00033420291832367705,0.0060950110027049205,-0.0025682150397376073,-0.02334178742763041,0.01723132706783438
2023-08-04,-0.04921141870280128,0.003613876354074006,-0.0021130743523417785,0.0034229179747774087,0.017557068546671335,0.0027965666458529847
2023-08-07,-0.017404186220695304,-0.002277988932518744,0.004731775689879936,0.007083108986298952,-0.009889854413671224,-0.0020501333113248435
2023-08-08,0.005297612244107926,-0.006361270240024672,-0.005629497833200364,-0.012375118249700034,0.011546061007813656,0.004931908905691467
2023-08-09,-0.008994767081815229,-0.00476956334967285,-0.013498548496535692,-0.011785071880378462,0.005157659782258378,0.016844243110402175
2023-08-10,-0.0012353130379763931,-0.0010691758408616784,-0.0014965657087238936,0.002169985976307972,-0.01659946446648362,0.005098466711304642
2023-08-11,0.0003375123291280663,0.0,0.005779135948427752,-0.005963399983982529,-0.0023041374802212277,0.015409040635625612
2023-08-14,0.00934921699384478,-0.003045220530389694,0.0020696318184347338,0.009394592754289501,-0.002204379594328871,0.0008045325007689134
2023-08-15,-0.011263265844119479,-0.0026580037072091345,-0.025786785275350027,-0.006750215866465026,-0.006113892349220648,-0.026008656502738876
2023-08-16,-0.004971483972467042,-0.005792775189194925,-0.004252238904046751,-0.002431542447173193,-0.007854610666037792,-0.016970164298502104
2023-08-17,-0.01466216401441823,-0.0015390561619561794,-0.010441207276979432,-0.011046996978002568,-0.004271355554814024,0.01918665463869889
2023-08-18,0.002812191430721642,0.0001711135895520659,0.0022851284566295245,-0.0012632534243978298,0.0035252153683178553,0.015015801076638299
2023-08-21,0.0077070074302488505,0.00273392964256731,0.003417340176673901,0.01691899550337523,-0.013420249346844063,-0.012160222386259644
2023-08-22,0.007873741013545852,0.0016481975934526548,-0.020956326250053278,0.0018001666308636887,0.007644803185263009,-0.005627017363251705
2023-08-23,0.021711668956138977,0.010113328144583607,0.006740197558718901,0.013981044682144308,0.024475289376843366,-0.00882694550371153
2023-08-24,-0.026519249320351265,-0.0002248455933195227,-0.0009503307287640805,-0.021732918499599903,-0.006615850808971246,-0.007494200735576661
2023-08-25,0.012564028287935914,-0.0012941233726573686,-0.0012231198898775076,0.009363271271275229,0.0032612457088930656,0.017707711310352307
2023-08-28,0.008807090792550053,0.002867238875764686,0.003461991282060369,0.002226924543051464,0.0010492601185227897,0.008371359370685826
2023-08-29,0.021575770701886127,0.00972069237763269,0.0080994140173187,0.014445293809707604,0.010332498794177218,0.005936850018365667
2023-08-30,0.01899095673858017,0.002498750315822613,-0.004041398492980412,0.0011566045137565938,-0.0010387297591758391,0.00969707433487339
2023-08-31,0.0011716890286307571,-0.001665111347163996,-0.012428490190403544,-0.003137630004750185,0.004459595481550154,0.0027919469648578377
2023-09-01,0.008427722982230199,0.0004997991755412262,0.003343050681439416,0.002742139796380406,-0.0157010833905007,0.0207383305852347
2023-09-05,0.0012660386977778194,-0.008195174622491511,-0.01109525655017556,0.014769022191212247,-0.014121584678361384,8.826561703683512e-05
2023-09-06,-0.03644978768530112,-0.004544556063018457,-0.0016542414040216613,-0.002010787806742526,0.0024564619130183407,0.008595083466857676
2023-09-07,-0.02968570437863902,0.0010678794784509471,-0.008590801117117977,-0.008962174760035519,0.002769414852799618,-0.004902623225852193
2023-09-08,0.0034857631176908655,0.0003369702787594387,0.0007649313301364018,0.0131292075945678,0.003822228552477635,0.014462871169882272
2023-09-11,0.006600753506797615,0.0018513951035425602,0.0043708768645390455,0.0109194206121451,-0.007231727055468037,-0.0126214521356533
2023-09-12,-0.017207903730766434,-0.005169992663578624,0.012929643074079995,-0.01842660291484035,0.005746941978733479,0.028752259112495588
2023-09-13,-0.011925596810827718,-0.002312682045193072,0.0004783876637574551,0.012847943047640973,-0.00021214043670167245,-0.008977169337742865
2023-09-14,0.008744135174884234,0.0005080950731221542,0.019211722093593467,0.007824951695806463,-0.0072441429618729635,0.01770566708251782
2023-09-15,-0.0041625730193595835,0.00658210689497754,-0.002952376836980944,-0.025355671142482286,-0.006112908292314468,-0.01547523863729674
2023-09-18,0.01677198128395612,0.00587038313631886,0.002080953794636928,-0.003519125404828608,0.005685316777269255,0.008022489788615398
2023-09-19,0.006161776746689317,-0.0009480950413542692,-0.00127472850018172,-0.0012467789898211396,-0.007408093093715864,-0.0026385972727013176
2023-09-20,-0.020194721927510227,0.0007251297423292754,-0.00423919431037094,-0.024268891050487167,0.003120120335135701,-0.00795789487048083
2023-09-21,-0.008929281025036463,-0.0072748111459232075,-0.00785284567824911,-0.0038731599335650488,-0.026009528580611316,-0.014189501499382877
2023-09-22,0.004932492434360019,0.0031961900557462815,-0.009628880474130443,-0.007917900332248892,0.008016290699406176,0.0015673614360464118
2023-09-25,0.007353068361532876,-0.005163898932470834,0.004928533188353043,0.0016706473830349743,-0.02491671246266238,0.01116066810368879
2023-09-26,-0.02367651963243623,-0.008023084937964609,-0.010433235396029233,-0.01715203252627503,-0.0034822153627882203,0.0015474119564231864
2023-09-27,-0.008937209299056906,-0.012443751217319037,0.0058479556571848085,0.0020802546079012312,-0.005189501529530104,0.032038549520712375
2023-09-28,0.0015245046064224525,-0.005009715204337903,0.012339414502897685,0.002713888180764003,0.0030495227760668183,-0.006091659873255637
2023-09-29,0.003041694202084555,-0.010328505518099336,-0.017566455768615676,0.006704755771079209,0.00011278430840776489,-0.015946343493288096
2023-10-02,0.014726688832135185,-0.0105542058560987,-0.008656983420495893,0.018979537119236202,-0.01688222406681257,-0.01672371706439166
2023-10-03,-0.007800254525166703,-0.002892421000056923,-0.007399995631460234,-0.026481870837876096,-0.02174632343773283,0.0017283974643449937
2023-10-04,0.0072820788541545604,-0.00011826350756014561,0.004474392509375611,0.017617363747742528,0.014009411892210614,-0.03809905822616476
2023-10-05,0.007172207544990258,-0.0018344684108627424,0.004207647704951728,0.001253145608163769,-0.004997345888971601,-0.022768525916630387
2023-10-06,0.014642658623489825,0.005139851922273756,0.015278025788002947,0.024436104655485458,-0.012191332221630293,-0.01683983751355281
2023-10-09,0.008415740146999275,0.01821847853694345,-0.002276926035225665,0.0077920597599750435,0.02319884582062322,0.034392917515487176
2023-10-10,-0.0033576462635072535,-0.0016795054754092334,0.006060429178614028,-0.004345092818003411,-0.0013839289078958524,-0.00424628328172607
2023-10-11,0.007872800929259741,0.007276507826110017,0.0034268626412502427,0.012197256612392479,0.020671121594889867,-0.03651180717876884
2023-10-12,0.005048578071154798,-0.0030543103873241243,-0.0023292597410921583,-0.0037974252600486043,-0.027502631297341932,-0.00018797845659464368
2023-10-13,-0.01034627061480342,0.03164231938177581,0.01490801875123227,-0.01041175361478243,0.01773426717770074,0.031434853011438
2023-10-16,-0.000727141728093982,-0.004876800474351656,-0.0010139089514327102,0.014870897700965066,-0.016224892677075952,0.0007276975670726493
2023-10-17,-0.008823608838513209,0.0018525567250013085,-0.0021668298276973272,-0.0017453069086676692,-0.011082088212510862,0.013011921012497532
2023-10-18,-0.007422160836508506,0.014367113783494704,-0.011041479407083174,-0.005889614858752713,-0.008836458279976242,0.01390766202608102
2023-10-19,-0.0021634614008238444,0.012199301049654077,-0.004258247229396694,0.0036584931147835907,-0.020686101184206246,0.0006194973240493169
2023-10-20,-0.014813329070014251,0.0027271753020748097,-0.016236743400718782,-0.014133844562746441,0.005662465181398381,-0.017314012235815003
2023-10-23,0.0006937490671638549,-0.0033827788768209456,-0.013735108056871621,0.008079319157121989,0.011941635045523372,-0.014782983552963327
2023-10-24,0.002540259289887832,-0.00010933686369138149,0.001204867039064518,0.003667441211565087,0.013090769513212263,-0.009731943873180588
2023-10-25,-0.013583389335067229,0.004199991317574014,-0.0054694481197266375,0.030216920754998936,-0.02251275517423582,0.0018435885986151
2023-10-26,-0.024913478737295304,0.00157720800379265,0.002560817083638333,-0.03823606597796293,0.015222276522362894,-0.009158836595982819
2023-10-27,0.007937659674254175,0.011562693424814757,-0.03668333625129314,0.005838287182365403,-0.0042581523239434435,-0.019235758241141727
2023-10-30,0.012230444917309069,-0.0056565149769635704,0.012669111758294264,0.022485743426935503,-0.004514155423153518,0.003121476222403566
2023-10-31,0.0028147576108324642,-0.005471503988171267,0.011863533076059531,0.0023690838749108527,-0.0048935414085899305,-0.0002832548566875351
2023-11-01,0.018565171424214835,-0.0031556165767174377,-0.0008633462996593129,0.023269610479278405,0.021450479744347523,-0.0019858931818563744
2023-11-02,0.02048204096841328,0.0033185604405963163,0.017691998572948942,0.006480644082425539,0.02254079306524555,0.032319433162477304
2023-11-03,-0.005194570782518339,0.0036323164276059108,0.011110507416361146,0.01277963443455063,0.006755670995728528,-0.012264508634244789
2023-11-06,0.014499469424774807,-0.007823081050705708,0.007524169164655076,0.010517052767812717,-0.00974708675112546,-0.017880029933682953
2023-11-07,0.01434737485901335,-0.004153745714032089,-0.00048621999255570736,0.01115679603798268,0.014642077457401753,-0.01580385739114788
2023-11-08,0.005867686075778733,-0.010017653470627112,0.00491829135036187,0.007378506534866616,0.016890313453696335,-0.01235899827610036
2023-11-09,-0.00262789582386462,0.003975057413790778,-0.002975602209194135,-0.006934761762413472,-0.0232697757130747,0.0002912892858732256
2023-11-10,0.022954438017905164,-0.010969699953245399,0.014722049712207558,0.024591809323832182,0.005584192710589153,0.007643819734290361
2023-11-13,-0.00862069367841429,0.005555261386915847,-0.004448707218914897,-0.008121061781367414,-0.0022755685030465315,0.010451122122043882
2023-11-14,0.01418468547091615,0.008879636186604733,0.018082356683774822,0.009742754222979199,0.022414468684349976,0.0038428714378082006
2023-11-15,0.003036355453292612,-0.0026390807860946154,0.008719421877477773,0.0004058503682991004,-0.014133422623381199,-0.006059119472225437
2023-11-16,0.009001365202923411,0.011222864579353571,0.011354984088237445,0.017430538486718185,0.012349738632439789,-0.011644030286438156
2023-11-17,-0.0001054736822827312,-0.00010890827769753537,0.009005483147274174,-0.01694353438320939,0.004675931208067817,0.024106912351390362
2023-11-20,0.009235658039369387,-0.0016347162383040547,0.0030705949792218393,0.020313981353078547,0.006089459507480575,-0.004392239339019799
2023-11-21,-0.0042399638047940485,0.010740019593542038,-0.0020896441379553068,-0.011645504853497725,-0.0004415001211609445,-0.0003828130905884295
2023-11-22,0.003508451214830086,-0.004271361889171939,0.0023505298886992913,0.012731056794996195,0.003527740769085119,-0.0043172867291465175
2023-11-24,-0.007029011768753085,0.005188115339681599,0.0013685606516853582,-0.0011122216794263139,-0.011844864331690477,0.005369787630903119
2023-11-27,-0.0009480387961209658,0.006715220224108336,-0.002282010775479865,0.0031217598795314676,0.01656564277946594,-0.0058505425764351195
2023-11-28,0.003208928465977907,0.013243765854618068,0.0022820107754798714,0.010744720505214848,0.001969876847100964,-0.0005771796976301147
2023-11-29,-0.0054243036077553965,0.0014783465644929395,0.005067569483477501,-0.010111088028948561,0.012492421307325356,-0.015128405665022658
2023-11-30,0.0030580846274149837,-0.004176660491012712,0.01134022878663929,0.00015842714738713583,-0.011618586903729043,0.003900881024461179
2023-12-01,0.006768343748743416,0.0171240372669512,0.0048575523555192705,-0.011680279207159312,0.01865909681171755,0.002430345860313877
2023-12-04,-0.009509668803578931,-0.021850417580745678,0.007305485605082038,-0.014442604037561417,-0.0039870814224202255,-0.005452153073445362
2023-12-05,0.020844405902131265,-0.003786606077863042,-0.0001266373739484466,0.009114690262492628,0.02125780447893455,-0.019619026883273195
2023-12-06,-0.005703246057223611,0.003680115406357525,-0.010564040317562619,-0.01003613690227715,0.013230052688271246,-0.013330312329486472
2023-12-07,0.010088244090051737,0.001648967455985853,0.00306634840177715,0.005812940171549735,-0.005753021037185212,-0.006986202606923309
2023-12-08,0.007385032345322519,-0.013430173514668298,0.010973383067850125,0.008803208093042757,-0.00821680848955876,0.011416056213681662
2023-12-11,-0.013011584894204278,-0.011104320560253362,0.003652088607474059,-0.007860322688910716,-0.002117794563034222,0.0007027290585435176
2023-12-12,0.007888796363727973,-0.0005447904909059331,0.008885557555711751,0.0082610660761434,0.0029637454764472344,-0.015885461875083846
2023-12-13,0.016553770305093272,0.022311764488914268,0.003358762590554223,-2.6722261105266138e-05,0.023191341711293164,0.008834030554357872
2023-12-14,0.0007574083929472969,0.005845435089187853,0.01802825357920639,-0.02280263897777799,0.0256800669501868,0.026535221938453587
2023-12-15,-0.002729296818878474,-0.009208782757507668,0.007532894291722438,0.013031915972996837,0.0011102035987081292,-0.006716845697840803
2023-12-18,-0.008539797118988588,0.004535187656823467,0.006033962359177139,0.0051657488956354325,-0.00799984854330822,0.007405697086764806
2023-12-19,0.0053458351510768,0.006790830606181505,0.013266593536367478,0.0016355172743675792,0.005373923541107696,0.013096267614251486
2023-12-20,-0.010771709314756246,-0.005460866362358439,-0.011343190573091336,-0.007097978063804872,0.006752440007390153,-0.016841648013072013
2023-12-21,-0.0007703225944496083,0.007045755720440373,0.005687631073330687,0.007847906318270582,-0.006348072886992113,0.004532092984356715
2023-12-22,-0.005562875048290283,0.004424614031362936,-0.0005972822549552895,0.002780215416921323,-0.004558898614974661,0.0017678235971137163
2023-12-26,-0.0028450652394552637,0.007591842151508473,0.005896669031431817,0.00021372096085797777,0.0028390620336942417,0.0022543428275943944
2023-12-27,0.0005179232629773293,0.0045275772625212145,0.005979926663723766,-0.0015760766622871355,0.0175646210442478,-0.004710395455751568
2023-12-28,0.002223708123647368,-0.005832413160524644,0.005298938064149494,0.0032295673258920096,-0.007289361189917716,-0.014565683854543179
2023-12-29,-0.005438876975430224,-0.001568069797763166,-0.001175169721439641,0.0020229561555976158,-0.00906113674694558,-0.0020981463208938947
